Date,Unemp_Hispanic,Unemp_Asian,Unemp_Black,Unemp_White,Unemp_Civilian,Unemp_Men,Unemp_Women,Unemp_White_Men,20-24,25-34,35-44,45-54,55 and up,"Unemp (>25, less than HS)","Unemp (>25, HS)","Unemp (>25, College)","Unemp (>25, Master)","Unemp (>25, Doctoral)"
2021-03-01,7.9,5.9,9.6,5.4,6.0,6.2,5.9,3.3480000000000003,10.3,6.7,5.1,4.5,4.5,8.2,6.7,3.7,3.6,1.6
2021-02-01,8.5,5.1,9.9,5.6,6.2,6.3,6.1,3.527999999999999,9.6,6.4,5.7,4.9,5.3,10.1,7.2,3.8,3.6,1.6
2021-01-01,8.6,6.8,9.2,5.7,6.3,6.4,6.3,3.6480000000000006,9.7,6.8,5.7,4.9,5.3,9.1,7.1,4.0,3.7,2.3
2020-12-01,9.3,5.8,9.9,6.0,6.7,6.7,6.7,4.02,11.2,6.6,5.5,5.3,6.0,9.8,7.8,3.8,3.5,1.4
2020-11-01,8.4,6.7,10.3,5.9,6.7,6.9,6.4,4.071000000000001,10.7,7.0,5.6,5.5,5.8,9.2,7.8,4.2,3.5,1.9
2020-10-01,8.8,7.5,10.8,6.0,6.9,7.0,6.8,4.2,10.9,7.3,5.8,6.0,5.5,9.9,8.1,4.2,3.6,1.9
2020-09-01,10.3,8.8,12.0,7.0,7.8,7.7,8.0,5.39,12.5,8.6,6.2,6.4,6.6,10.7,9.0,4.7,3.9,2.0
2020-08-01,10.5,10.7,12.8,7.4,8.4,8.3,8.6,6.142000000000001,14.1,9.6,6.4,6.2,7.6,12.6,9.8,5.3,4.9,3.7
2020-07-01,12.7,12.2,14.4,9.2,10.2,9.8,10.6,9.015999999999998,18.1,11.3,8.0,7.8,8.7,15.1,10.8,6.7,6.0,3.6
2020-06-01,14.5,13.9,15.3,10.1,11.1,10.5,11.7,10.604999999999999,19.6,11.7,9.0,8.4,9.6,16.4,12.2,6.9,5.6,4.5
2020-05-01,17.6,14.8,16.7,12.3,13.3,12.2,14.5,15.006,23.1,13.4,10.1,10.7,11.8,19.6,15.3,7.4,5.6,3.5
2020-04-01,18.9,14.3,16.7,14.1,14.8,13.6,16.1,19.176,25.6,14.6,11.5,12.3,13.6,21.0,17.3,8.4,6.7,3.2
2020-03-01,6.0,4.1,6.8,3.9,4.4,4.4,4.4,1.7160000000000002,8.6,4.2,3.4,3.2,3.3,6.9,4.3,2.5,2.5,1.9
2020-02-01,4.4,2.5,6.0,3.0,3.5,3.5,3.4,1.05,6.3,3.7,2.7,2.5,2.6,5.8,3.5,1.9,1.7,1.2
2020-01-01,4.3,3.2,6.1,3.0,3.5,3.5,3.5,1.05,6.6,3.8,2.7,2.4,2.6,5.7,3.7,2.0,2.0,0.9
2019-12-01,4.3,2.4,6.2,3.1,3.6,3.5,3.6,1.085,6.6,3.7,2.8,2.5,2.4,5.3,3.7,1.9,1.8,1.1
2019-11-01,4.3,2.6,5.7,3.3,3.6,3.6,3.6,1.1879999999999997,6.7,3.7,2.8,2.6,2.7,5.4,3.8,2.0,2.1,1.1
2019-10-01,4.2,2.8,5.6,3.3,3.6,3.7,3.5,1.2209999999999999,6.4,3.8,2.7,2.6,2.7,5.7,3.8,2.1,2.0,0.6
2019-09-01,4.0,2.4,5.4,3.2,3.5,3.6,3.3,1.1520000000000001,6.4,3.5,2.6,2.8,2.4,5.0,3.6,2.0,1.8,0.9
2019-08-01,4.2,2.9,5.2,3.4,3.7,3.7,3.6,1.258,7.1,3.6,2.8,2.8,2.6,5.4,3.6,2.1,2.5,1.6
2019-07-01,4.4,3.0,5.6,3.3,3.6,3.7,3.6,1.2209999999999999,6.5,3.7,2.7,2.6,2.6,5.0,3.6,2.2,2.9,0.9
2019-06-01,4.3,2.3,6.0,3.3,3.6,3.6,3.6,1.1879999999999997,5.9,3.5,2.8,2.8,3.0,5.3,4.0,2.1,2.4,1.2
2019-05-01,4.1,2.3,6.1,3.3,3.7,3.7,3.6,1.2209999999999999,6.9,3.5,2.7,2.6,2.8,5.2,3.6,2.2,1.7,1.0
2019-04-01,4.1,2.1,6.6,3.2,3.7,3.9,3.5,1.248,6.6,3.9,2.7,2.6,2.6,5.3,3.5,2.1,1.5,0.9
2019-03-01,4.5,3.0,6.5,3.3,3.8,3.9,3.7,1.287,7.1,3.9,2.8,2.8,2.6,5.8,3.6,2.0,1.8,1.1
2019-02-01,4.3,3.2,7.0,3.2,3.8,3.8,3.8,1.216,7.1,4.0,2.6,2.8,2.7,5.4,3.6,2.2,1.8,1.4
2019-01-01,4.8,3.2,6.9,3.5,4.0,4.0,3.9,1.4000000000000001,7.5,3.9,2.9,2.9,3.2,5.8,3.6,2.4,2.2,1.3
2018-12-01,4.5,3.1,6.8,3.4,3.9,4.0,3.8,1.3599999999999999,7.4,4.0,2.8,2.9,3.0,5.9,3.8,2.2,2.1,1.3
2018-11-01,4.6,2.7,6.2,3.4,3.8,3.7,3.8,1.258,6.9,3.8,3.0,2.7,2.9,5.7,3.6,2.2,2.0,0.9
2018-10-01,4.4,3.1,6.4,3.3,3.8,3.8,3.7,1.254,7.0,3.7,3.0,2.8,2.9,6.0,4.1,2.0,1.9,1.0
2018-09-01,4.6,3.5,6.2,3.3,3.7,3.8,3.6,1.254,7.0,3.6,2.9,2.7,2.8,5.8,3.8,2.0,1.9,1.6
2018-08-01,4.7,3.0,6.2,3.4,3.8,3.9,3.8,1.3259999999999998,6.8,4.1,2.9,2.5,3.0,5.6,3.9,2.0,2.9,1.8
2018-07-01,4.5,3.3,6.4,3.3,3.8,3.8,3.8,1.254,6.7,3.5,2.9,2.8,3.0,5.0,4.1,2.2,3.0,1.6
2018-06-01,4.6,3.4,6.5,3.5,4.0,4.1,3.9,1.4349999999999998,7.3,3.9,3.1,3.1,3.1,5.5,4.2,2.3,2.6,1.9
2018-05-01,4.8,2.0,5.8,3.5,3.8,4.0,3.7,1.4000000000000001,6.9,3.9,2.9,2.8,2.8,5.3,4.0,2.1,1.7,1.6
2018-04-01,4.8,2.7,6.5,3.6,4.0,4.2,3.9,1.5120000000000002,6.9,4.3,3.0,2.9,3.0,5.8,4.3,2.1,1.6,1.5
2018-03-01,4.9,3.0,6.6,3.5,4.0,4.0,4.0,1.4000000000000001,6.5,4.0,3.2,2.8,3.1,5.4,4.2,2.2,1.8,2.2
2018-02-01,4.9,3.0,6.8,3.6,4.1,4.0,4.1,1.44,6.8,4.2,3.1,2.9,3.2,5.7,4.3,2.2,2.2,2.0
2018-01-01,4.9,3.1,7.5,3.5,4.0,4.1,4.0,1.4349999999999998,7.1,4.2,3.0,2.9,3.0,5.5,4.4,2.1,2.3,1.5
2017-12-01,5.0,2.4,6.9,3.7,4.1,4.1,4.1,1.517,7.3,4.5,3.0,2.7,3.3,6.3,4.2,2.2,1.8,1.6
2017-11-01,4.9,3.0,7.5,3.7,4.2,4.3,4.1,1.591,7.5,4.4,3.2,2.8,3.2,5.2,4.4,2.1,1.8,1.4
2017-10-01,5.0,2.9,7.6,3.6,4.1,4.3,4.0,1.548,7.4,4.5,3.1,2.8,3.1,6.0,4.3,2.1,1.7,1.8
2017-09-01,5.1,3.5,7.2,3.7,4.2,4.3,4.2,1.591,7.6,4.4,3.2,3.1,3.2,6.9,4.4,2.3,2.0,1.5
2017-08-01,5.1,4.0,7.5,3.9,4.4,4.5,4.3,1.755,7.1,4.8,3.4,3.5,3.1,6.1,5.1,2.4,2.9,2.4
2017-07-01,5.1,4.0,7.2,3.7,4.3,4.3,4.1,1.591,7.2,4.6,3.4,3.1,3.1,7.1,4.5,2.3,2.8,1.7
2017-06-01,5.0,3.8,7.1,3.8,4.3,4.3,4.3,1.6340000000000001,7.2,4.4,3.3,3.6,3.1,6.5,4.6,2.3,2.8,0.9
2017-05-01,5.2,3.5,7.6,3.8,4.4,4.3,4.5,1.6340000000000001,6.5,4.9,3.4,3.3,3.2,6.2,4.8,2.4,2.1,0.7
2017-04-01,5.2,3.1,7.8,3.9,4.5,4.5,4.5,1.755,7.5,4.4,3.7,3.5,3.2,6.4,4.6,2.5,2.0,0.8
2017-03-01,5.0,3.2,7.9,3.9,4.4,4.5,4.3,1.755,7.3,4.5,3.9,3.1,3.3,6.5,4.8,2.4,2.2,1.4
2017-02-01,5.6,3.5,8.0,4.0,4.6,4.6,4.6,1.8399999999999999,8.0,4.7,4.1,3.2,3.4,7.7,4.8,2.4,1.9,2.1
2017-01-01,5.8,3.8,7.4,4.2,4.7,4.7,4.7,1.974,7.9,4.9,3.9,3.2,3.5,7.4,5.2,2.5,2.4,1.2
2016-12-01,5.8,2.6,8.0,4.2,4.7,4.8,4.6,2.016,8.2,4.7,4.0,3.3,3.6,7.5,5.1,2.5,2.1,1.9
2016-11-01,5.6,3.0,8.2,4.2,4.7,4.9,4.6,2.0580000000000003,8.3,4.9,3.6,3.5,3.6,7.9,5.0,2.4,1.9,1.2
2016-10-01,5.7,3.3,8.5,4.4,4.9,5.0,4.7,2.1999999999999997,8.6,5.1,3.9,3.5,3.7,7.5,5.5,2.6,2.1,2.0
2016-09-01,6.2,3.8,8.5,4.4,5.0,5.1,4.8,2.244,8.2,5.2,4.2,3.6,3.6,8.7,5.2,2.5,2.6,1.5
2016-08-01,5.6,4.2,8.0,4.4,4.9,5.0,4.8,2.1999999999999997,8.1,5.1,4.0,3.6,3.5,7.4,5.0,2.6,3.0,2.1
2016-07-01,5.4,4.1,8.2,4.2,4.8,5.0,4.5,2.1,8.8,5.0,3.4,3.4,3.6,6.5,5.1,2.4,3.2,2.0
2016-06-01,6.0,3.7,8.7,4.3,4.9,4.9,4.8,2.107,8.4,5.2,3.8,3.5,3.5,7.6,5.1,2.5,2.6,1.4
2016-05-01,5.7,3.9,8.2,4.2,4.8,4.8,4.8,2.016,8.3,5.1,3.6,3.5,3.4,7.4,5.1,2.5,1.9,2.1
2016-04-01,6.2,3.6,8.8,4.4,5.1,5.1,5.0,2.244,9.1,5.2,4.1,3.6,3.7,7.6,5.5,2.5,1.8,1.6
2016-03-01,5.6,3.9,8.9,4.3,5.0,4.9,5.1,2.107,8.6,5.2,3.8,3.6,3.9,7.3,5.3,2.6,2.5,1.6
2016-02-01,5.5,3.9,8.6,4.2,4.9,4.9,4.8,2.0580000000000003,8.6,5.0,3.7,3.5,3.8,7.0,5.1,2.5,2.2,1.0
2016-01-01,5.9,3.7,8.5,4.2,4.8,4.8,4.9,2.016,7.8,5.0,3.9,3.5,3.7,7.1,5.1,2.5,2.4,1.3
2015-12-01,6.2,4.0,8.5,4.4,5.0,5.1,4.9,2.244,9.2,5.3,4.0,3.7,3.2,6.4,5.6,2.5,2.3,1.6
2015-11-01,6.4,3.9,9.4,4.4,5.1,5.2,5.0,2.2880000000000003,9.7,5.5,4.0,3.4,3.7,6.8,5.4,2.5,2.5,1.4
2015-10-01,6.3,3.5,9.0,4.4,5.0,5.1,5.0,2.244,9.2,5.3,4.1,3.7,3.5,7.6,5.2,2.5,2.4,1.6
2015-09-01,6.2,3.5,9.3,4.4,5.0,5.1,5.0,2.244,9.2,5.1,4.0,3.4,3.8,7.9,5.3,2.5,2.2,2.1
2015-08-01,6.6,3.4,9.4,4.4,5.1,5.1,5.0,2.244,9.1,5.1,3.8,3.7,3.8,7.9,5.5,2.4,2.6,1.4
2015-07-01,6.9,4.2,9.1,4.5,5.2,5.2,5.2,2.34,9.7,5.5,4.1,3.7,3.7,8.3,5.5,2.5,3.3,1.6
2015-06-01,6.7,4.1,9.7,4.6,5.3,5.3,5.1,2.4379999999999997,9.7,5.6,4.0,3.4,3.7,8.2,5.4,2.5,2.6,2.1
2015-05-01,6.8,3.9,10.3,4.8,5.6,5.7,5.5,2.7359999999999998,10.3,5.8,4.5,3.9,3.8,8.7,5.8,2.8,2.1,1.6
2015-04-01,6.8,4.2,9.7,4.7,5.4,5.5,5.4,2.585,9.7,5.8,4.3,3.9,4.0,8.4,5.5,2.7,2.1,2.0
2015-03-01,6.8,3.1,9.9,4.8,5.4,5.6,5.3,2.6879999999999997,10.7,5.7,4.1,3.7,3.9,8.6,5.3,2.4,1.9,1.7
2015-02-01,6.8,4.1,10.1,4.7,5.5,5.6,5.3,2.632,10.0,5.4,4.4,3.9,4.2,8.2,5.4,2.7,2.5,2.0
2015-01-01,6.7,4.1,10.3,4.9,5.7,5.8,5.5,2.842,9.6,5.9,4.4,4.2,4.1,8.3,5.4,2.8,2.7,1.8
2014-12-01,6.4,4.2,10.6,4.7,5.6,5.7,5.4,2.6790000000000003,10.5,5.8,4.3,4.0,3.9,8.6,5.3,2.8,2.5,1.9
2014-11-01,6.6,4.8,10.9,5.0,5.8,5.9,5.8,2.9499999999999997,10.8,6.0,4.4,4.2,4.5,8.6,5.7,3.2,2.6,2.2
2014-10-01,6.8,5.0,10.6,4.9,5.7,5.6,5.9,2.744,10.3,6.1,4.4,4.0,4.1,8.1,5.7,3.0,2.7,1.7
2014-09-01,6.8,4.3,11.0,5.1,5.9,5.9,6.0,3.009,11.6,6.3,4.4,4.1,3.9,8.5,5.4,2.9,2.7,1.5
2014-08-01,7.4,4.5,11.4,5.3,6.1,6.3,6.0,3.3390000000000004,11.0,6.8,4.8,4.1,4.5,9.2,6.1,3.2,3.3,2.5
2014-07-01,7.7,4.5,11.6,5.3,6.2,6.2,6.1,3.286,11.0,6.5,4.8,4.1,4.5,9.5,6.1,3.1,3.2,1.8
2014-06-01,7.8,5.1,11.0,5.3,6.1,6.3,5.8,3.3390000000000004,10.5,6.5,4.7,4.2,4.5,9.2,5.9,3.3,3.0,2.8
2014-05-01,7.7,5.3,11.4,5.4,6.3,6.4,6.2,3.456,11.1,6.6,5.0,4.5,4.6,9.2,6.5,3.2,2.7,2.3
2014-04-01,7.2,5.7,11.6,5.3,6.2,6.4,6.1,3.392,10.8,6.7,4.9,4.6,4.7,8.7,6.2,3.3,2.7,1.6
2014-03-01,7.9,5.4,12.1,5.8,6.7,6.7,6.6,3.8859999999999997,12.4,6.9,5.2,4.9,4.7,9.4,6.3,3.4,3.0,2.4
2014-02-01,8.2,6.0,11.8,5.8,6.7,6.9,6.4,4.002,12.0,7.1,5.0,5.1,4.5,9.8,6.4,3.4,2.7,2.4
2014-01-01,8.3,4.8,12.1,5.7,6.6,6.8,6.3,3.8759999999999994,11.9,6.8,5.0,5.0,4.5,9.4,6.5,3.3,3.0,1.7
2013-12-01,8.3,4.1,11.9,5.9,6.7,6.8,6.6,4.0120000000000005,10.8,6.9,5.4,5.0,5.1,9.8,7.0,3.3,2.8,1.4
2013-11-01,8.7,5.3,12.3,6.1,6.9,7.2,6.7,4.392,11.6,7.3,5.7,5.5,4.9,10.7,7.2,3.4,3.1,1.4
2013-10-01,9.1,5.2,12.8,6.3,7.2,7.5,6.8,4.725,12.2,7.1,5.7,5.8,5.5,10.9,7.2,3.7,3.3,2.5
2013-09-01,8.8,5.3,13.0,6.3,7.2,7.7,6.7,4.851,12.8,7.4,5.6,5.6,5.2,10.5,7.6,3.7,3.1,2.0
2013-08-01,9.2,5.1,12.8,6.4,7.2,7.7,6.7,4.928000000000001,13.2,7.7,5.6,5.4,5.0,11.1,7.4,3.4,3.3,2.5
2013-07-01,9.4,5.7,12.6,6.5,7.3,7.7,6.8,5.005000000000001,12.4,7.5,5.9,5.6,5.0,10.8,7.5,3.8,4.1,3.3
2013-06-01,9.1,5.0,14.2,6.6,7.5,7.7,7.3,5.082,13.5,7.6,5.9,5.8,5.4,10.7,7.7,3.8,4.1,2.1
2013-05-01,9.0,4.3,13.4,6.7,7.5,7.9,7.1,5.293,13.3,7.2,6.0,5.9,5.3,11.0,7.3,3.9,3.4,1.9
2013-04-01,9.0,5.1,13.3,6.7,7.6,7.8,7.3,5.226,13.4,7.5,5.9,5.9,5.5,11.6,7.5,3.9,3.0,1.8
2013-03-01,9.3,5.0,13.0,6.7,7.5,7.6,7.5,5.092,13.1,7.5,6.1,5.7,5.5,11.1,7.7,3.8,3.2,1.9
2013-02-01,9.7,6.1,13.8,6.8,7.7,7.8,7.6,5.303999999999999,12.9,7.7,6.2,5.6,5.7,11.3,7.9,3.9,3.8,2.5
2013-01-01,9.7,6.5,13.7,7.1,8.0,8.2,7.8,5.821999999999999,14.2,7.7,6.5,6.0,6.0,12.0,8.1,3.8,3.5,2.7
2012-12-01,9.6,6.6,14.0,6.9,7.9,7.9,7.9,5.4510000000000005,13.8,7.8,6.6,5.8,5.9,11.8,8.0,4.0,3.4,2.0
2012-11-01,9.9,6.4,13.3,6.8,7.7,7.9,7.6,5.372,12.9,7.7,6.2,6.0,5.8,12.0,8.0,3.9,3.3,2.1
2012-10-01,10.0,4.9,14.1,6.9,7.8,7.9,7.6,5.4510000000000005,13.1,8.1,6.2,6.0,5.9,12.1,8.3,3.7,3.3,2.2
2012-09-01,9.7,4.8,13.6,7.0,7.8,8.0,7.6,5.6000000000000005,12.3,8.0,6.3,6.0,5.9,11.7,8.5,4.0,3.3,2.3
2012-08-01,10.1,5.9,13.8,7.2,8.1,8.3,7.8,5.976000000000001,13.9,8.2,6.6,6.3,5.8,11.8,8.6,4.1,4.2,2.8
2012-07-01,10.2,6.2,14.2,7.3,8.2,8.3,8.0,6.059,13.4,8.1,6.7,6.5,6.2,12.4,8.5,4.1,4.3,2.7
2012-06-01,10.9,6.3,14.5,7.3,8.2,8.4,7.9,6.132,13.6,8.2,7.0,6.4,6.2,12.6,8.6,4.0,3.5,2.6
2012-05-01,10.9,5.2,13.5,7.4,8.2,8.4,7.9,6.216000000000001,13.0,8.2,6.7,6.3,6.5,12.9,8.3,3.9,2.9,2.5
2012-04-01,10.3,5.2,13.3,7.4,8.2,8.3,8.0,6.142000000000001,13.3,8.2,6.6,6.2,6.3,12.5,8.0,4.0,3.2,2.1
2012-03-01,10.6,6.2,14.0,7.3,8.2,8.4,8.0,6.132,13.0,8.7,6.4,6.3,6.2,12.8,8.1,4.1,3.5,2.5
2012-02-01,10.9,6.3,14.0,7.4,8.3,8.4,8.1,6.216000000000001,13.8,8.6,6.8,6.5,5.8,13.1,8.3,4.2,3.7,3.1
2012-01-01,10.7,6.7,13.6,7.4,8.3,8.4,8.2,6.216000000000001,13.3,9.0,6.8,6.4,5.9,13.0,8.5,4.3,3.9,3.4
2011-12-01,11.1,6.8,15.4,7.5,8.5,8.7,8.3,6.525,14.3,9.3,6.8,6.5,6.2,13.7,8.7,4.1,3.6,3.5
2011-11-01,11.2,6.5,15.6,7.7,8.6,8.9,8.3,6.853000000000001,14.3,9.1,7.0,6.6,6.3,12.8,8.8,4.4,3.8,3.2
2011-10-01,11.3,7.3,14.6,7.9,8.8,9.2,8.4,7.268,13.9,9.5,7.2,6.9,7.0,13.5,9.4,4.3,3.6,3.3
2011-09-01,11.2,7.8,15.9,7.9,9.0,9.3,8.7,7.347,14.6,9.5,7.5,7.1,6.6,14.3,9.4,4.2,3.6,2.1
2011-08-01,11.2,7.1,16.4,7.9,9.0,9.4,8.5,7.426000000000001,14.5,9.4,7.7,7.0,6.6,14.1,9.3,4.2,3.9,1.9
2011-07-01,11.2,7.7,15.9,8.0,9.0,9.5,8.4,7.6,14.5,9.6,7.0,7.1,6.8,14.5,9.1,4.2,3.6,2.3
2011-06-01,11.5,6.8,16.2,8.1,9.1,9.6,8.5,7.776,14.3,9.6,7.7,7.3,6.9,14.4,10.0,4.3,3.7,2.0
2011-05-01,11.6,7.0,16.3,7.9,9.0,9.5,8.5,7.504999999999999,14.8,9.5,7.5,7.2,6.7,14.5,9.6,4.5,3.8,1.7
2011-04-01,11.9,6.4,16.5,8.1,9.1,9.6,8.5,7.776,14.9,9.8,7.4,7.2,6.5,14.7,9.9,4.5,3.1,2.0
2011-03-01,11.6,7.1,15.8,8.0,9.0,9.5,8.4,7.6,15.0,9.3,7.2,7.2,6.5,14.1,9.7,4.4,3.6,2.7
2011-02-01,11.8,6.8,15.5,8.1,9.0,9.5,8.5,7.695,15.3,9.5,7.4,7.1,6.5,14.0,9.7,4.3,3.4,2.6
2011-01-01,12.3,6.9,15.8,8.1,9.1,9.7,8.5,7.856999999999998,15.2,9.3,7.4,7.2,6.7,14.3,9.5,4.3,3.7,2.6
2010-12-01,12.9,7.2,15.5,8.5,9.3,10.0,8.5,8.5,15.1,9.9,7.7,7.5,6.8,15.0,9.8,4.8,3.5,3.2
2010-11-01,12.9,7.6,16.2,8.9,9.8,10.5,9.0,9.345,16.1,10.4,7.8,8.1,7.2,15.4,10.0,5.0,3.9,2.5
2010-10-01,12.3,7.1,15.6,8.6,9.4,10.1,8.7,8.686,15.3,9.6,7.8,7.6,7.1,15.0,9.8,4.6,3.8,2.0
2010-09-01,12.3,6.4,16.0,8.6,9.5,10.2,8.6,8.771999999999998,14.8,9.8,8.3,7.5,7.1,15.6,9.7,4.5,4.4,2.8
2010-08-01,12.0,7.2,15.9,8.6,9.5,10.3,8.6,8.857999999999999,14.7,9.7,7.7,8.0,7.4,14.1,10.0,4.6,4.9,2.3
2010-07-01,12.2,8.2,15.6,8.5,9.4,10.3,8.5,8.755000000000003,15.5,9.8,7.9,7.4,6.8,13.5,10.0,4.5,4.9,1.9
2010-06-01,12.3,7.7,15.2,8.6,9.4,10.4,8.3,8.943999999999999,15.2,10.2,7.8,7.5,6.8,14.2,10.6,4.4,4.0,1.3
2010-05-01,12.0,7.5,15.5,8.7,9.6,10.4,8.8,9.047999999999998,14.7,10.6,7.9,7.6,7.0,14.6,10.9,4.6,3.3,1.5
2010-04-01,12.5,6.8,16.6,9.0,9.9,10.9,8.8,9.81,17.2,10.3,8.2,7.8,7.0,14.7,10.8,4.8,3.5,1.3
2010-03-01,12.9,7.5,16.8,8.9,9.9,10.9,8.7,9.701,15.8,10.2,8.6,7.9,6.9,14.9,11.0,4.9,3.9,1.4
2010-02-01,12.7,8.4,16.1,8.9,9.8,10.9,8.6,9.701,15.8,10.0,8.8,7.6,7.2,15.8,10.7,4.9,4.2,1.2
2010-01-01,12.9,8.4,16.5,8.8,9.8,11.0,8.4,9.680000000000001,15.9,10.0,8.5,7.8,6.9,15.3,10.2,4.9,4.4,1.9
2009-12-01,12.8,8.4,16.1,9.0,9.9,10.9,8.7,9.81,15.5,10.0,8.7,7.8,7.2,15.0,10.6,4.9,3.9,2.7
2009-11-01,12.4,7.3,15.7,9.2,9.9,11.0,8.6,10.12,16.0,10.3,8.6,7.6,7.0,14.7,10.3,4.8,4.2,2.0
2009-10-01,12.8,7.5,15.8,9.2,10.0,11.1,8.7,10.212,15.8,10.6,9.0,7.7,6.9,15.2,11.0,4.7,3.9,2.0
2009-09-01,12.6,7.4,15.3,8.9,9.8,10.9,8.5,9.701,15.3,10.4,8.6,7.9,6.7,14.9,10.6,5.0,4.2,2.8
2009-08-01,13.0,7.5,14.8,8.9,9.6,10.7,8.3,9.523000000000001,15.2,10.4,8.2,7.6,6.8,15.6,9.7,4.8,4.5,2.2
2009-07-01,12.5,8.3,14.8,8.7,9.5,10.5,8.3,9.135,15.1,10.1,7.9,7.4,6.8,15.3,9.5,4.8,5.0,3.6
2009-06-01,12.1,8.2,14.8,8.7,9.5,10.6,8.3,9.221999999999998,15.1,10.0,8.1,7.3,7.0,15.6,9.7,4.8,4.1,3.5
2009-05-01,12.3,6.7,15.0,8.5,9.4,10.6,8.0,9.01,15.0,10.3,8.1,6.9,6.7,15.2,10.0,4.8,3.3,2.7
2009-04-01,11.4,6.6,15.0,8.1,9.0,10.1,7.6,8.181,14.4,9.8,7.7,6.7,6.5,14.9,9.5,4.4,3.6,1.7
2009-03-01,11.7,6.4,13.7,8.0,8.7,9.7,7.6,7.759999999999999,14.0,9.3,7.3,6.8,6.3,14.0,9.2,4.3,3.6,1.8
2009-02-01,11.3,6.9,13.7,7.6,8.3,9.2,7.3,6.991999999999998,13.2,9.1,6.9,6.4,5.8,13.2,8.5,4.1,3.5,2.0
2009-01-01,10.1,6.2,12.7,7.1,7.8,8.6,7.0,6.106,12.5,8.3,6.7,6.0,5.4,12.4,8.2,3.9,3.5,2.6
2008-12-01,9.4,5.1,12.1,6.7,7.3,8.0,6.5,5.36,12.3,7.6,5.9,5.6,5.0,11.1,7.8,3.6,3.4,2.1
2008-11-01,8.7,4.8,11.5,6.2,6.8,7.4,6.2,4.588,11.2,7.1,5.5,5.1,4.8,10.8,7.0,3.2,3.0,2.4
2008-10-01,8.8,3.8,11.4,5.9,6.5,7.1,5.9,4.189,10.8,6.7,5.4,4.6,4.5,10.3,6.4,3.1,2.9,2.6
2008-09-01,8.0,3.8,11.3,5.4,6.1,6.7,5.5,3.6180000000000003,11.0,6.2,5.1,4.3,4.2,9.8,6.2,2.6,2.4,2.0
2008-08-01,8.0,4.4,10.6,5.4,6.1,6.3,5.9,3.402,10.7,6.2,5.1,4.3,4.2,9.7,5.8,2.8,2.7,2.3
2008-07-01,7.5,4.0,10.0,5.2,5.8,6.2,5.3,3.2240000000000006,10.2,5.7,4.7,3.8,3.7,8.6,5.4,2.5,2.7,2.4
2008-06-01,7.6,4.5,9.4,5.0,5.6,5.8,5.3,2.9000000000000004,10.0,5.4,4.4,3.8,3.3,8.7,5.1,2.4,2.5,2.0
2008-05-01,6.9,3.8,9.6,4.8,5.4,5.6,5.2,2.6879999999999997,10.2,5.2,4.2,3.8,3.2,8.1,5.0,2.2,2.2,1.7
2008-04-01,7.1,3.2,8.6,4.4,5.0,5.2,4.8,2.2880000000000003,8.7,5.1,3.9,3.7,3.0,7.7,5.0,2.1,1.6,1.5
2008-03-01,6.9,3.6,9.2,4.5,5.1,5.2,5.0,2.34,9.4,5.3,3.8,3.5,3.4,8.4,5.1,2.1,1.6,1.7
2008-02-01,6.2,3.0,8.4,4.4,4.9,5.0,4.7,2.1999999999999997,9.0,4.9,3.6,3.4,3.3,7.4,4.7,2.0,1.7,1.8
2008-01-01,6.3,3.2,9.1,4.4,5.0,5.2,4.8,2.2880000000000003,8.9,5.1,3.6,3.4,3.3,7.7,4.7,2.1,1.8,1.7
2007-12-01,6.3,3.7,9.0,4.4,5.0,5.1,4.9,2.244,9.4,4.9,3.8,3.5,3.2,7.7,4.7,2.1,1.6,2.2
2007-11-01,5.9,3.6,8.5,4.2,4.7,4.8,4.6,2.016,8.3,4.7,3.6,3.3,3.0,7.7,4.5,2.2,1.7,2.5
2007-10-01,5.7,3.7,8.5,4.1,4.7,4.8,4.6,1.9679999999999995,8.6,4.7,3.4,3.4,3.1,7.3,4.6,2.1,1.7,1.7
2007-09-01,5.9,3.2,8.0,4.2,4.7,4.8,4.5,2.016,9.0,4.8,3.3,3.1,3.1,7.6,4.5,2.0,1.9,1.7
2007-08-01,5.5,3.4,7.6,4.2,4.6,4.7,4.6,1.974,8.4,4.6,3.6,3.1,3.2,6.5,4.4,2.1,2.6,1.4
2007-07-01,5.9,3.0,8.1,4.2,4.7,4.7,4.6,1.974,8.3,4.6,3.8,3.2,3.2,7.3,4.6,2.1,2.3,1.2
2007-06-01,5.5,3.1,8.5,4.1,4.6,4.7,4.4,1.9269999999999998,8.0,4.6,3.3,3.0,3.1,6.7,4.1,2.0,2.0,1.3
2007-05-01,5.8,2.9,8.3,3.9,4.4,4.6,4.3,1.7939999999999998,7.2,4.4,3.3,3.1,3.2,6.6,4.4,2.0,1.6,0.5
2007-04-01,5.6,3.3,8.3,4.0,4.5,4.6,4.4,1.8399999999999999,7.8,4.4,3.4,3.1,3.1,7.1,4.1,1.9,1.3,0.9
2007-03-01,5.0,3.0,8.4,3.8,4.4,4.5,4.3,1.7099999999999997,7.7,4.3,3.2,3.1,3.1,6.9,4.0,1.8,1.8,0.6
2007-02-01,5.1,2.7,8.0,4.1,4.5,4.7,4.3,1.9269999999999998,7.6,4.9,3.3,3.2,3.1,7.3,4.3,1.9,1.7,1.3
2007-01-01,5.5,3.2,7.9,4.2,4.6,4.7,4.5,1.974,8.1,4.9,3.4,3.0,3.3,6.9,4.3,2.1,1.7,1.3
2006-12-01,5.0,2.4,8.3,3.9,4.4,4.5,4.4,1.755,7.8,4.3,3.7,2.9,3.0,6.7,4.3,1.8,1.5,1.1
2006-11-01,5.1,3.2,8.5,4.0,4.5,4.5,4.5,1.7999999999999998,8.5,4.4,3.5,2.8,3.0,6.6,4.3,1.8,1.6,1.4
2006-10-01,4.8,2.7,8.4,3.9,4.4,4.4,4.4,1.7160000000000002,8.4,4.6,2.9,2.7,3.0,5.8,4.1,1.9,1.7,1.2
2006-09-01,5.5,2.8,9.0,3.9,4.5,4.4,4.7,1.7160000000000002,7.9,4.5,3.5,3.0,2.9,6.4,4.1,2.1,2.1,1.2
2006-08-01,5.3,2.9,8.8,4.1,4.7,4.7,4.6,1.9269999999999998,8.2,4.4,3.8,3.3,2.9,6.8,4.6,1.8,2.0,1.4
2006-07-01,5.2,2.7,9.5,4.1,4.7,4.7,4.7,1.9269999999999998,8.4,4.8,3.6,3.2,3.1,7.1,4.5,2.0,2.3,1.3
2006-06-01,5.2,3.5,8.9,4.1,4.6,4.6,4.6,1.8859999999999995,7.8,4.6,3.5,3.2,3.0,7.1,4.1,2.1,1.6,1.7
2006-05-01,5.0,3.0,8.7,4.1,4.6,4.7,4.5,1.9269999999999998,8.1,4.8,3.5,3.3,3.0,7.0,4.3,2.1,1.6,1.3
2006-04-01,5.5,3.6,9.4,4.1,4.7,4.7,4.7,1.9269999999999998,8.2,4.9,3.8,3.2,3.0,6.9,4.4,2.2,1.7,1.2
2006-03-01,5.2,3.4,9.5,4.0,4.7,4.7,4.7,1.8800000000000001,7.8,4.8,3.8,3.2,2.6,6.9,4.1,2.2,1.6,1.5
2006-02-01,5.4,3.2,9.5,4.1,4.8,4.8,4.8,1.9679999999999995,8.6,5.2,3.6,3.2,2.9,7.1,4.4,2.2,1.8,1.4
2006-01-01,5.5,3.2,8.9,4.1,4.7,4.6,4.8,1.8859999999999995,8.2,4.6,3.7,3.2,3.1,7.0,4.4,2.1,1.5,1.8
2005-12-01,6.1,3.8,9.2,4.2,4.9,4.8,4.9,2.016,8.4,5.1,3.8,3.4,3.2,7.4,4.5,2.1,1.7,1.7
2005-11-01,6.1,3.6,10.6,4.3,5.0,5.0,5.1,2.15,8.3,5.1,3.9,3.6,3.2,7.4,4.8,2.3,1.6,1.5
2005-10-01,6.0,3.1,9.1,4.4,5.0,4.8,5.1,2.112,8.3,4.8,3.9,3.6,3.2,7.3,4.8,2.3,2.1,0.9
2005-09-01,6.4,4.1,9.4,4.4,5.0,5.0,5.1,2.1999999999999997,8.6,5.3,3.7,3.6,3.6,8.2,4.9,2.3,2.2,1.6
2005-08-01,5.8,3.6,9.7,4.2,4.9,4.9,4.9,2.0580000000000003,8.7,5.0,3.7,3.2,3.2,7.5,4.7,2.1,2.6,0.9
2005-07-01,5.5,5.2,9.2,4.2,5.0,4.9,5.1,2.0580000000000003,8.2,5.1,3.7,3.6,3.4,7.5,4.8,2.3,2.8,1.3
2005-06-01,5.7,4.0,10.2,4.3,5.0,5.0,5.1,2.15,8.7,5.2,3.8,3.4,3.1,6.9,4.8,2.3,2.1,2.5
2005-05-01,6.0,3.9,10.1,4.4,5.1,5.0,5.2,2.1999999999999997,8.8,5.1,3.9,3.5,3.3,7.8,4.5,2.4,1.7,2.0
2005-04-01,6.4,3.9,10.3,4.4,5.2,5.1,5.2,2.244,8.9,5.2,3.8,3.3,3.5,8.2,4.4,2.4,2.0,2.2
2005-03-01,5.8,3.9,10.5,4.5,5.2,5.3,5.1,2.385,9.2,5.3,3.8,3.4,3.5,7.8,4.7,2.4,2.0,1.4
2005-02-01,6.3,4.5,10.9,4.6,5.4,5.5,5.3,2.53,10.0,5.2,4.3,3.5,3.6,7.8,4.9,2.4,2.1,2.1
2005-01-01,6.0,4.2,10.6,4.5,5.3,5.4,5.1,2.43,9.5,5.2,4.1,3.6,3.5,7.7,4.7,2.4,2.1,1.6
2004-12-01,6.6,4.1,10.7,4.5,5.4,5.5,5.1,2.475,8.8,5.6,4.0,3.8,3.4,8.1,4.8,2.5,1.9,1.8
2004-11-01,6.7,4.2,10.7,4.6,5.4,5.5,5.2,2.53,9.1,5.5,4.0,3.7,3.7,8.0,4.8,2.5,2.2,1.5
2004-10-01,6.8,4.8,10.8,4.6,5.5,5.6,5.3,2.5759999999999996,9.7,5.4,4.1,3.6,3.8,8.4,4.8,2.5,2.1,1.2
2004-09-01,6.8,4.3,10.3,4.6,5.4,5.6,5.2,2.5759999999999996,9.4,5.1,4.5,3.6,3.7,8.7,4.7,2.6,2.5,1.8
2004-08-01,6.8,3.6,10.5,4.7,5.4,5.6,5.2,2.632,9.0,5.4,4.3,3.7,3.7,8.1,4.9,2.7,3.0,2.0
2004-07-01,6.8,4.3,11.0,4.7,5.5,5.5,5.5,2.585,9.3,5.6,4.3,3.7,3.5,8.2,5.0,2.6,2.9,2.1
2004-06-01,6.6,5.0,10.2,5.0,5.6,5.7,5.6,2.85,9.7,5.1,4.6,4.0,4.1,8.7,5.2,2.7,2.7,2.2
2004-05-01,6.9,4.2,10.1,4.9,5.6,5.8,5.4,2.842,9.7,5.6,4.3,3.8,4.0,8.8,5.1,2.9,2.7,1.8
2004-04-01,7.1,4.4,9.8,5.0,5.6,5.7,5.4,2.85,9.3,5.5,4.4,4.0,3.8,8.6,5.3,2.9,2.3,2.1
2004-03-01,7.6,4.2,10.3,5.1,5.8,5.8,5.8,2.9579999999999997,9.8,5.8,4.8,4.1,3.7,8.8,5.3,2.9,2.4,2.2
2004-02-01,7.4,4.7,9.7,4.9,5.6,5.6,5.5,2.744,9.5,5.7,4.5,3.9,3.8,8.6,5.0,2.9,2.9,1.6
2004-01-01,7.3,5.2,10.4,5.0,5.7,5.7,5.7,2.85,9.7,5.8,4.5,4.0,3.7,9.1,4.9,2.9,2.7,1.9
2003-12-01,6.7,5.3,10.1,5.0,5.7,5.8,5.6,2.9000000000000004,9.5,5.9,4.7,3.9,3.9,7.9,5.4,3.0,2.6,1.4
2003-11-01,7.4,5.2,10.2,5.2,5.8,6.2,5.4,3.2240000000000006,10.3,6.0,4.8,4.0,3.9,8.7,5.3,3.1,2.6,2.3
2003-10-01,7.5,6.1,11.4,5.1,6.0,6.2,5.7,3.1619999999999995,9.8,6.3,5.0,4.1,3.8,9.0,5.5,3.1,2.2,3.1
2003-09-01,7.3,6.2,11.1,5.3,6.1,6.4,5.8,3.392,10.5,6.3,4.8,4.2,4.0,8.6,5.3,3.2,3.2,3.1
2003-08-01,7.7,5.9,10.9,5.4,6.1,6.3,5.8,3.402,10.3,6.3,5.0,4.2,4.2,9.3,5.4,3.2,3.3,1.9
2003-07-01,8.0,6.2,10.9,5.4,6.2,6.6,5.7,3.5639999999999996,10.6,6.1,5.2,4.0,4.1,8.8,5.4,3.1,3.3,2.1
2003-06-01,8.3,7.8,11.5,5.5,6.3,6.7,5.9,3.685,10.4,6.3,5.3,4.0,4.4,9.4,5.7,3.1,3.6,2.0
2003-05-01,8.0,5.1,10.9,5.4,6.1,6.4,5.7,3.456,10.4,6.1,5.1,4.1,4.3,9.0,5.6,3.0,3.0,1.8
2003-04-01,7.6,5.8,10.9,5.3,6.0,6.4,5.7,3.392,10.2,5.9,4.8,4.2,4.2,8.5,5.7,3.0,3.1,1.6
2003-03-01,7.8,6.5,10.3,5.1,5.9,6.1,5.7,3.1109999999999993,9.1,5.8,4.8,4.4,3.9,8.6,5.5,3.1,2.5,2.6
2003-02-01,7.7,6.0,10.7,5.1,5.9,6.1,5.6,3.1109999999999993,9.5,5.8,5.2,4.0,3.9,8.9,5.4,3.0,2.3,1.6
2003-01-01,7.9,5.6,10.5,5.2,5.8,6.2,5.4,3.2240000000000006,9.4,6.0,4.6,3.9,4.1,8.8,5.2,3.0,2.7,1.7
2002-12-01,7.9,5.9,11.3,5.1,6.0,6.2,5.7,3.1619999999999995,9.8,6.1,4.7,4.1,4.3,8.9,5.3,2.9,2.8,2.1
2002-11-01,7.8,5.6,10.7,5.1,5.9,6.1,5.6,3.1109999999999993,9.6,6.0,4.9,4.0,3.6,9.0,5.2,2.9,2.7,1.3
2002-10-01,7.9,5.6,9.8,5.1,5.7,5.8,5.6,2.9579999999999997,10.0,5.7,4.8,3.9,3.9,8.7,4.9,3.0,2.8,1.3
2002-09-01,7.4,5.4,9.7,5.1,5.7,5.9,5.5,3.009,9.4,5.7,4.6,3.9,3.8,7.8,5.0,2.9,3.4,1.7
2002-08-01,7.5,6.5,9.8,5.1,5.7,5.9,5.5,3.009,9.5,5.8,4.4,4.0,3.9,8.4,5.2,2.8,3.8,1.4
2002-07-01,7.4,6.2,9.8,5.2,5.8,5.9,5.7,3.068,9.7,5.8,4.6,4.2,3.7,8.6,5.1,3.0,3.7,1.6
2002-06-01,7.4,6.9,10.5,5.1,5.8,6.0,5.6,3.06,9.3,5.9,4.3,4.4,3.9,7.8,5.4,3.0,3.2,1.2
2002-05-01,7.1,5.9,10.2,5.1,5.8,5.8,5.7,2.9579999999999997,9.0,5.9,4.7,4.3,3.9,8.3,5.5,2.9,2.6,2.0
2002-04-01,8.0,5.9,10.7,5.2,5.9,6.0,5.9,3.12,10.0,6.1,4.7,4.0,4.0,9.1,5.5,2.9,2.4,1.6
2002-03-01,7.5,5.6,10.5,5.0,5.7,5.9,5.6,2.9499999999999997,10.3,5.8,4.5,3.9,3.6,8.1,5.4,2.8,2.0,1.6
2002-02-01,7.0,5.6,9.9,5.0,5.7,5.8,5.5,2.9000000000000004,9.7,5.8,4.4,3.9,3.9,8.3,5.3,2.9,2.5,1.9
2002-01-01,7.8,5.6,10.0,5.1,5.7,5.8,5.5,2.9579999999999997,9.8,5.8,4.6,3.8,3.6,8.2,5.3,2.9,2.6,1.6
2001-12-01,7.7,5.2,10.1,5.1,5.7,5.8,5.7,2.9579999999999997,9.7,5.9,4.4,3.7,3.9,8.3,4.9,3.0,2.2,1.6
2001-11-01,7.3,5.4,9.8,4.9,5.5,5.7,5.4,2.793,9.3,5.7,4.5,3.6,3.5,8.0,5.0,2.9,2.6,1.3
2001-10-01,7.1,5.3,9.5,4.7,5.3,5.4,5.2,2.5380000000000003,9.1,5.2,4.2,3.7,3.5,7.6,4.7,2.6,2.5,1.4
2001-09-01,6.7,5.5,8.9,4.3,5.0,4.9,5.0,2.107,8.4,4.8,4.0,3.2,3.3,7.7,4.4,2.5,2.5,1.0
2001-08-01,6.5,5.7,9.1,4.3,4.9,5.0,4.8,2.15,8.9,4.8,3.7,3.3,3.0,7.2,4.4,2.3,2.7,1.9
2001-07-01,6.2,4.5,8.0,4.0,4.6,4.6,4.5,1.8399999999999999,7.9,4.3,3.7,3.0,2.9,6.8,4.1,2.2,2.7,1.6
2001-06-01,6.6,4.7,8.3,4.0,4.5,4.6,4.4,1.8399999999999999,8.2,4.5,3.5,2.8,2.7,6.9,3.8,2.2,2.1,1.1
2001-05-01,6.3,3.6,7.9,3.8,4.3,4.4,4.2,1.672,8.1,4.3,3.4,2.8,2.6,6.6,3.9,2.1,1.7,0.9
2001-04-01,6.4,3.3,8.0,3.9,4.4,4.5,4.3,1.755,8.1,4.3,3.1,2.9,2.7,6.8,3.7,2.1,1.5,0.6
2001-03-01,6.2,3.2,8.3,3.7,4.3,4.3,4.2,1.591,7.6,4.1,3.2,2.8,2.7,6.8,3.8,2.0,1.7,0.7
2001-02-01,6.1,3.3,7.7,3.7,4.2,4.3,4.2,1.591,7.4,4.0,3.1,2.8,2.8,7.5,3.7,1.6,1.7,0.3
2001-01-01,5.8,3.8,8.2,3.6,4.2,4.2,4.1,1.5120000000000002,7.3,4.1,3.1,2.7,2.7,6.7,3.8,1.6,1.4,0.4
2000-12-01,5.7,2.7,7.4,3.5,3.9,4.0,3.8,1.4000000000000001,7.0,3.7,2.9,2.5,2.4,5.9,3.5,1.5,1.3,0.7
2000-11-01,6.0,3.3,7.3,3.5,3.9,3.9,4.0,1.365,6.8,3.7,2.9,2.4,2.8,6.5,3.5,1.5,1.4,0.9
2000-10-01,5.1,3.3,7.3,3.4,3.9,3.9,3.9,1.3259999999999998,6.7,3.7,2.8,2.5,2.7,6.4,3.6,1.6,1.6,0.5
2000-09-01,5.8,3.3,7.3,3.5,3.9,3.9,4.0,1.365,6.5,3.7,2.9,2.6,2.7,6.2,3.5,1.9,2.1,0.7
2000-08-01,5.9,3.8,7.9,3.6,4.1,3.9,4.3,1.404,6.6,3.8,3.1,2.7,2.7,6.2,3.7,1.9,2.2,1.3
2000-07-01,5.8,4.1,7.7,3.5,4.0,3.9,4.2,1.365,7.0,3.9,3.1,2.5,2.5,6.4,3.4,1.7,2.3,0.7
2000-06-01,5.6,4.9,7.8,3.4,4.0,3.8,4.1,1.2919999999999998,7.5,3.6,3.1,2.5,2.3,6.3,3.4,1.6,1.6,0.7
2000-05-01,5.8,3.5,7.7,3.5,4.0,3.9,4.2,1.365,8.0,3.8,3.0,2.4,2.5,6.9,3.4,1.6,1.0,0.8
2000-04-01,5.5,3.1,7.0,3.4,3.8,3.7,4.0,1.258,7.2,3.5,3.0,2.1,2.3,6.2,3.3,1.5,1.2,0.6
2000-03-01,6.1,4.1,7.4,3.5,4.0,3.8,4.3,1.3299999999999998,7.4,3.7,3.2,2.2,2.7,6.6,3.3,1.7,1.7,0.9
2000-02-01,5.7,3.4,8.1,3.6,4.1,4.1,4.1,1.476,7.6,3.6,3.1,2.4,2.8,6.0,3.4,1.6,1.6,1.4
2000-01-01,5.6,4.0,8.2,3.4,4.0,3.9,4.1,1.3259999999999998,7.5,3.6,3.0,2.6,2.7,6.4,3.4,1.8,1.6,1.4
1999-12-01,5.8,,7.8,3.5,4.0,4.0,4.1,1.4000000000000001,7.3,3.6,2.8,2.7,2.6,5.8,3.5,1.7,,
1999-11-01,6.0,,8.0,3.5,4.1,4.0,4.2,1.4000000000000001,7.6,3.8,2.7,2.6,2.6,6.4,3.2,1.7,,
1999-10-01,6.4,,8.4,3.5,4.1,4.1,4.1,1.4349999999999998,7.7,3.9,2.9,2.5,2.6,6.6,3.4,1.7,,
1999-09-01,6.7,,8.5,3.6,4.2,4.1,4.4,1.476,7.4,3.9,3.1,2.5,2.6,6.9,3.7,1.7,,
1999-08-01,6.5,,7.7,3.7,4.2,4.1,4.3,1.517,7.4,3.9,3.2,2.5,2.7,7.1,3.5,1.6,,
1999-07-01,6.5,,8.7,3.7,4.3,4.2,4.5,1.5540000000000003,7.8,4.1,3.1,2.6,3.0,6.9,3.6,1.8,,
1999-06-01,6.6,,7.7,3.8,4.3,4.2,4.4,1.5959999999999999,7.6,4.0,3.3,2.3,3.1,6.8,3.8,2.0,,
1999-05-01,6.7,,7.4,3.7,4.2,4.2,4.2,1.5540000000000003,7.4,3.9,3.2,2.5,2.8,6.8,3.5,1.9,,
1999-04-01,7.0,,7.8,3.8,4.3,4.1,4.6,1.5579999999999998,7.5,4.1,3.1,2.6,2.9,6.9,3.5,2.0,,
1999-03-01,5.8,,8.0,3.6,4.2,3.9,4.4,1.404,7.2,4.1,2.9,2.5,2.8,6.1,3.5,1.9,,
1999-02-01,6.7,,8.2,3.8,4.4,4.3,4.5,1.6340000000000001,7.7,4.2,3.2,2.8,2.8,7.5,3.5,1.9,,
1999-01-01,6.7,,7.8,3.8,4.3,4.2,4.4,1.5959999999999999,7.1,4.1,3.0,2.6,2.8,7.1,3.5,1.8,,
1998-12-01,7.7,,7.7,3.8,4.4,4.3,4.4,1.6340000000000001,7.2,4.1,3.3,2.6,2.9,6.9,3.8,1.8,,
1998-11-01,7.1,,8.6,3.8,4.4,4.3,4.6,1.6340000000000001,6.8,4.2,3.3,2.7,3.0,7.1,3.9,1.9,,
1998-10-01,7.2,,8.6,3.9,4.5,4.4,4.7,1.7160000000000002,7.3,4.7,3.3,2.6,2.7,6.9,4.0,1.9,,
1998-09-01,7.3,,9.1,3.9,4.6,4.6,4.6,1.7939999999999998,8.4,4.4,3.2,2.7,2.7,6.9,4.1,1.7,,
1998-08-01,7.4,,8.8,3.9,4.5,4.4,4.6,1.7160000000000002,8.4,4.3,3.2,2.7,2.7,7.1,3.9,1.8,,
1998-07-01,7.3,,9.5,3.8,4.5,4.6,4.5,1.7479999999999996,8.1,4.4,3.3,2.8,2.8,7.2,4.1,1.7,,
1998-06-01,7.4,,8.8,3.9,4.5,4.4,4.6,1.7160000000000002,8.0,4.3,3.4,2.7,2.6,7.2,4.0,1.7,,
1998-05-01,6.9,,8.9,3.8,4.4,4.3,4.5,1.6340000000000001,7.6,4.2,3.4,2.6,2.6,7.0,3.7,1.7,,
1998-04-01,6.7,,9.1,3.7,4.3,4.1,4.6,1.517,7.5,4.1,3.3,2.8,2.6,7.2,3.9,1.7,,
1998-03-01,6.9,,9.2,4.0,4.7,4.6,4.8,1.8399999999999999,7.9,4.7,3.5,2.9,2.7,7.1,4.2,1.8,,
1998-02-01,6.9,,9.3,3.9,4.6,4.5,4.8,1.755,8.4,4.3,3.4,3.1,2.6,7.1,4.0,1.9,,
1998-01-01,7.1,,9.4,4.0,4.6,4.5,4.8,1.7999999999999998,9.1,4.2,3.7,2.8,2.7,7.0,4.0,1.9,,
1997-12-01,7.3,,10.0,3.9,4.7,4.7,4.8,1.8330000000000002,8.5,4.3,3.8,2.9,2.7,7.5,4.0,1.8,,
1997-11-01,7.0,,9.5,3.9,4.6,4.6,4.7,1.7939999999999998,8.5,4.3,3.5,2.7,2.7,7.4,3.8,1.7,,
1997-10-01,7.8,,9.5,4.1,4.7,4.7,4.7,1.9269999999999998,8.6,4.4,3.7,2.9,2.9,7.8,4.1,1.9,,
1997-09-01,7.4,,9.5,4.2,4.9,4.7,5.0,1.974,8.3,4.6,3.7,3.1,3.0,8.0,4.1,2.1,,
1997-08-01,7.2,,9.4,4.2,4.8,4.8,4.9,2.016,8.1,4.7,3.6,2.9,3.1,7.6,4.2,2.1,,
1997-07-01,7.9,,9.5,4.2,4.9,4.8,5.0,2.016,7.7,4.7,3.6,3.0,3.0,7.7,4.2,2.1,,
1997-06-01,7.5,,10.8,4.2,5.0,5.0,5.0,2.1,8.3,4.7,3.7,3.1,3.2,8.2,4.3,2.0,,
1997-05-01,7.7,,10.3,4.1,4.9,4.6,5.2,1.8859999999999995,8.2,4.8,3.7,3.0,3.1,8.5,4.2,2.2,,
1997-04-01,8.2,,10.2,4.3,5.1,5.1,5.0,2.1929999999999996,9.0,4.8,3.8,3.0,3.0,8.4,4.3,2.0,,
1997-03-01,8.3,,10.5,4.4,5.2,5.1,5.2,2.244,8.9,4.9,4.0,3.1,3.2,8.3,4.4,2.0,,
1997-02-01,8.2,,10.7,4.5,5.2,5.1,5.4,2.295,8.6,5.1,4.2,3.2,3.1,8.8,4.6,2.1,,
1997-01-01,8.4,,10.8,4.5,5.3,5.3,5.3,2.385,9.5,4.9,4.2,3.2,3.1,8.8,4.5,2.1,,
1996-12-01,7.4,,10.5,4.6,5.4,5.0,5.7,2.3,9.1,5.1,4.1,3.4,3.4,8.3,4.5,2.3,,
1996-11-01,8.5,,10.6,4.6,5.4,5.3,5.4,2.4379999999999997,9.1,5.1,4.4,3.2,3.0,8.4,4.6,2.3,,
1996-10-01,8.0,,10.7,4.5,5.2,5.1,5.4,2.295,8.9,4.9,4.1,3.3,3.2,7.8,4.6,2.2,,
1996-09-01,8.2,,10.6,4.5,5.2,5.2,5.2,2.34,8.9,4.9,4.2,3.2,3.3,8.2,4.5,2.2,,
1996-08-01,8.8,,10.6,4.4,5.1,5.0,5.3,2.1999999999999997,8.5,4.9,4.0,3.1,3.2,8.5,4.4,2.1,,
1996-07-01,8.8,,10.6,4.7,5.5,5.5,5.4,2.585,9.6,5.3,4.1,3.0,3.7,8.8,4.7,2.2,,
1996-06-01,8.8,,10.4,4.6,5.3,5.3,5.3,2.4379999999999997,9.2,5.1,3.9,3.4,3.5,8.6,4.6,2.2,,
1996-05-01,9.6,,10.2,4.9,5.6,5.6,5.5,2.744,9.6,5.5,4.0,3.6,3.6,9.7,4.8,2.3,,
1996-04-01,9.6,,10.7,4.8,5.6,5.6,5.5,2.6879999999999997,9.1,5.4,4.2,3.6,3.3,9.1,4.8,2.3,,
1996-03-01,9.6,,10.6,4.8,5.5,5.6,5.3,2.6879999999999997,9.4,5.3,4.1,3.4,3.6,9.2,4.7,2.2,,
1996-02-01,9.6,,10.0,4.8,5.5,5.6,5.4,2.6879999999999997,9.6,5.3,4.1,3.4,3.7,8.9,4.7,2.3,,
1996-01-01,9.4,,10.6,4.9,5.6,5.6,5.8,2.744,10.0,5.5,4.1,3.6,3.6,8.7,4.9,2.4,,
1995-12-01,9.3,,10.2,4.9,5.6,5.7,5.5,2.793,9.2,5.4,4.2,3.4,3.5,9.2,4.7,2.4,,
1995-11-01,9.5,,9.7,5.0,5.6,5.7,5.5,2.85,8.8,5.4,4.3,3.5,3.8,9.3,4.8,2.3,,
1995-10-01,9.4,,10.0,4.9,5.5,5.4,5.7,2.6460000000000004,9.5,5.0,4.5,3.3,3.5,9.1,4.5,2.4,,
1995-09-01,9.1,,11.1,4.9,5.6,5.6,5.7,2.744,9.9,5.5,4.2,3.3,3.6,9.1,4.7,2.4,,
1995-08-01,9.6,,11.1,4.9,5.7,5.7,5.6,2.793,9.8,5.2,4.4,3.4,3.7,9.5,4.5,2.5,,
1995-07-01,8.8,,10.9,4.9,5.7,5.6,5.8,2.744,9.2,5.3,4.5,3.4,3.8,9.0,4.7,2.5,,
1995-06-01,9.1,,10.7,4.9,5.6,5.6,5.7,2.744,9.0,5.5,4.4,3.3,3.8,8.7,4.7,2.6,,
1995-05-01,9.8,,10.0,5.0,5.6,5.8,5.5,2.9000000000000004,8.7,5.6,4.6,3.2,3.8,8.7,5.0,2.5,,
1995-04-01,8.9,,10.7,5.0,5.8,5.6,5.9,2.8000000000000003,8.9,5.7,4.5,3.4,3.8,8.8,5.1,2.7,,
1995-03-01,8.9,,9.7,4.7,5.4,5.3,5.5,2.491,9.1,5.2,4.1,3.5,3.5,8.0,4.5,2.5,,
1995-02-01,9.0,,10.1,4.7,5.4,5.4,5.5,2.5380000000000003,8.5,5.2,4.2,3.4,3.6,8.9,4.7,2.3,,
1995-01-01,10.2,,10.3,4.8,5.6,5.6,5.6,2.6879999999999997,8.6,5.8,4.2,3.3,3.9,9.2,5.0,2.4,,
1994-12-01,9.3,,9.9,4.8,5.5,5.5,5.5,2.64,8.6,5.4,4.1,3.4,3.5,8.5,4.7,2.3,,
1994-11-01,8.9,,10.8,4.8,5.6,5.6,5.6,2.6879999999999997,9.2,5.5,4.2,3.8,3.9,9.2,4.8,2.3,,
1994-10-01,9.5,,11.3,5.0,5.8,5.8,5.7,2.9000000000000004,9.0,5.7,4.3,3.9,4.0,9.7,4.9,2.4,,
1994-09-01,10.1,,10.6,5.1,5.9,5.8,5.9,2.9579999999999997,9.2,5.6,4.8,3.8,3.7,9.6,5.0,2.5,,
1994-08-01,9.8,,11.2,5.2,6.0,6.1,6.0,3.1719999999999997,9.9,5.8,4.6,4.0,4.1,9.8,5.4,2.5,,
1994-07-01,10.1,,10.9,5.3,6.1,6.3,5.9,3.3390000000000004,9.7,5.8,4.6,4.1,4.1,9.8,5.2,2.7,,
1994-06-01,10.3,,11.3,5.3,6.1,6.1,6.1,3.2329999999999997,9.6,5.8,4.6,4.2,4.0,9.7,5.4,2.6,,
1994-05-01,9.6,,11.7,5.2,6.1,6.1,6.0,3.1719999999999997,9.6,6.0,4.4,4.1,4.1,9.3,5.3,2.5,,
1994-04-01,10.8,,11.9,5.6,6.4,6.4,6.3,3.5839999999999996,10.1,6.5,4.5,3.9,4.2,10.1,5.6,2.5,,
1994-03-01,9.9,,12.4,5.7,6.5,6.5,6.5,3.7050000000000005,10.5,6.5,5.0,4.0,4.5,10.5,5.8,2.8,,
1994-02-01,10.1,,12.8,5.7,6.6,6.7,6.4,3.819,10.2,6.7,5.0,4.4,4.5,10.4,6.1,2.8,,
1994-01-01,10.5,,13.1,5.7,6.6,6.8,6.4,3.8759999999999994,10.9,6.5,5.2,4.2,4.5,10.7,5.8,2.9,,
1993-12-01,10.6,,11.7,5.8,6.5,6.6,6.4,3.8279999999999994,9.8,6.6,5.3,4.4,4.4,11.0,5.9,2.8,,
1993-11-01,10.5,,12.6,5.7,6.6,6.7,6.5,3.819,10.0,6.4,5.6,4.2,4.2,10.5,6.0,2.9,,
1993-10-01,11.4,,11.8,6.2,6.8,6.9,6.5,4.278,10.1,6.7,5.7,4.6,4.5,10.7,6.3,2.9,,
1993-09-01,10.0,,12.5,5.9,6.7,7.0,6.4,4.130000000000001,9.7,6.9,5.3,4.8,4.6,10.7,6.2,2.8,,
1993-08-01,9.8,,12.3,6.0,6.8,7.1,6.4,4.259999999999999,10.3,6.8,5.3,4.8,4.2,10.5,6.1,2.6,,
1993-07-01,10.7,,12.7,6.1,6.9,7.2,6.5,4.392,10.4,7.0,5.3,4.9,4.3,10.4,6.3,2.8,,
1993-06-01,10.4,,13.4,6.2,7.0,7.4,6.7,4.588,10.6,7.2,5.5,4.9,4.3,11.2,6.4,2.9,,
1993-05-01,10.2,,13.1,6.2,7.1,7.3,6.8,4.526,11.4,6.9,5.5,4.9,4.2,10.8,6.4,3.0,,
1993-04-01,11.0,,14.0,6.1,7.1,7.4,6.7,4.514,10.9,6.9,5.5,5.2,4.2,10.9,6.3,3.2,,
1993-03-01,11.3,,13.7,6.1,7.0,7.5,6.5,4.575,10.7,7.1,5.4,5.1,4.3,10.9,6.4,3.2,,
1993-02-01,11.5,,13.5,6.2,7.1,7.4,6.9,4.588,11.3,7.1,5.6,4.9,4.3,11.1,6.3,3.2,,
1993-01-01,11.3,,14.1,6.3,7.3,7.4,7.0,4.661999999999999,11.1,7.2,5.7,5.0,4.4,11.1,6.6,3.1,,
1992-12-01,11.5,,14.3,6.5,7.4,7.6,7.2,4.9399999999999995,11.4,7.4,6.1,4.9,4.6,11.3,6.8,3.3,,
1992-11-01,12.0,,14.1,6.5,7.4,7.8,7.0,5.069999999999999,11.2,7.7,5.8,4.9,4.7,11.6,6.7,3.4,,
1992-10-01,11.8,,14.3,6.5,7.3,7.8,6.8,5.069999999999999,11.2,7.8,5.9,4.9,4.9,11.5,6.6,3.3,,
1992-09-01,11.8,,13.9,6.7,7.6,8.0,7.2,5.36,11.3,7.8,5.9,5.1,4.8,11.7,6.7,3.2,,
1992-08-01,11.7,,14.2,6.7,7.6,8.0,7.2,5.36,11.3,7.8,5.9,5.2,5.0,11.8,7.3,3.0,,
1992-07-01,11.7,,14.4,6.7,7.7,8.0,7.3,5.36,11.5,7.6,5.9,5.3,5.3,11.9,6.6,3.1,,
1992-06-01,12.1,,14.6,6.9,7.8,8.3,7.3,5.727000000000001,11.4,7.9,5.9,5.2,5.3,11.9,6.8,3.2,,
1992-05-01,11.7,,14.7,6.6,7.6,8.1,7.1,5.345999999999999,11.6,7.7,5.8,5.4,4.9,12.2,6.9,3.2,,
1992-04-01,11.0,,14.1,6.5,7.4,7.7,6.9,5.005000000000001,11.2,7.6,5.6,5.2,4.8,10.8,6.9,3.2,,
1992-03-01,11.2,,14.1,6.5,7.4,7.9,6.9,5.135,11.1,7.6,5.7,5.3,4.5,11.2,6.9,2.9,,
1992-02-01,11.3,,14.2,6.5,7.4,7.9,6.9,5.135,11.3,7.4,5.9,5.3,4.4,11.0,7.0,3.2,,
1992-01-01,11.0,,13.5,6.4,7.3,7.8,6.7,4.992,11.3,7.4,5.5,5.1,4.4,10.8,6.8,3.1,,
1991-12-01,10.2,,12.9,6.5,7.3,7.6,6.9,4.9399999999999995,11.8,7.3,5.3,4.8,4.4,,,,,
1991-11-01,10.4,,12.5,6.3,7.0,7.4,6.7,4.661999999999999,11.3,7.2,5.3,4.8,4.2,,,,,
1991-10-01,10.7,,13.3,6.2,7.0,7.3,6.6,4.526,11.4,7.2,5.2,4.8,3.7,,,,,
1991-09-01,10.9,,12.3,6.2,6.9,7.3,6.4,4.526,10.8,7.1,5.2,4.7,3.8,,,,,
1991-08-01,10.5,,12.4,6.2,6.9,7.2,6.5,4.4639999999999995,10.8,7.0,5.3,4.6,3.9,,,,,
1991-07-01,9.6,,11.9,6.2,6.8,7.2,6.3,4.4639999999999995,11.1,6.7,5.0,4.5,3.9,,,,,
1991-06-01,10.1,,12.5,6.2,6.9,7.2,6.5,4.4639999999999995,11.1,6.9,5.2,4.4,4.2,,,,,
1991-05-01,10.0,,12.8,6.1,6.9,7.2,6.6,4.392,11.0,6.9,5.4,4.5,4.0,,,,,
1991-04-01,9.8,,12.7,5.9,6.7,7.1,6.2,4.189,10.2,6.8,5.3,4.3,3.8,,,,,
1991-03-01,9.8,,12.5,6.0,6.8,7.2,6.3,4.32,10.5,6.9,5.2,4.6,4.0,,,,,
1991-02-01,9.2,,12.2,5.8,6.6,6.9,6.1,4.002,10.4,6.6,5.0,4.5,3.8,,,,,
1991-01-01,9.1,,11.9,5.6,6.4,6.5,6.2,3.64,9.6,6.3,4.8,4.2,3.5,,,,,
1990-12-01,9.9,,12.4,5.4,6.3,6.5,5.9,3.51,9.2,6.2,4.8,4.4,3.5,,,,,
1990-11-01,8.9,,12.4,5.3,6.2,6.4,5.9,3.392,9.4,6.1,4.8,4.3,3.5,,,,,
1990-10-01,8.5,,12.1,5.1,5.9,6.1,5.7,3.1109999999999993,9.4,5.8,4.5,3.8,3.6,,,,,
1990-09-01,8.3,,12.1,5.0,5.9,5.9,5.8,2.9499999999999997,9.2,5.8,4.5,3.5,3.3,,,,,
1990-08-01,8.3,,11.7,4.9,5.7,5.8,5.6,2.842,9.0,5.7,4.2,3.5,3.2,,,,,
1990-07-01,8.0,,11.4,4.7,5.5,5.6,5.4,2.632,8.5,5.6,4.2,3.3,3.1,,,,,
1990-06-01,7.7,,10.5,4.5,5.2,5.3,5.2,2.385,8.3,5.2,4.0,3.3,2.8,,,,,
1990-05-01,7.9,,10.6,4.6,5.4,5.3,5.4,2.4379999999999997,8.6,5.4,3.8,3.3,3.0,,,,,
1990-04-01,8.5,,10.7,4.7,5.4,5.4,5.4,2.5380000000000003,9.2,5.3,3.8,3.4,3.2,,,,,
1990-03-01,7.4,,10.9,4.5,5.2,5.2,5.3,2.34,8.6,5.2,3.7,3.2,3.2,,,,,
1990-02-01,7.5,,11.0,4.6,5.3,5.2,5.4,2.3919999999999995,8.4,5.3,3.7,3.2,3.3,,,,,
1990-01-01,7.3,,11.1,4.6,5.4,5.4,5.3,2.484,8.6,5.1,3.8,3.5,3.4,,,,,
1989-12-01,8.3,,11.6,4.6,5.4,5.3,5.4,2.4379999999999997,8.8,5.2,3.9,3.3,3.4,,,,,
1989-11-01,7.9,,11.7,4.6,5.4,5.4,5.4,2.484,9.0,5.1,4.0,3.3,3.3,,,,,
1989-10-01,8.0,,11.7,4.5,5.3,5.3,5.4,2.385,8.7,5.2,3.9,3.3,3.0,,,,,
1989-09-01,8.1,,11.7,4.5,5.3,5.4,5.2,2.43,8.8,5.3,4.0,2.9,3.0,,,,,
1989-08-01,8.8,,11.1,4.5,5.2,5.1,5.4,2.295,8.8,4.9,3.8,3.1,3.0,,,,,
1989-07-01,8.8,,11.0,4.5,5.2,5.0,5.6,2.25,8.7,5.2,3.8,3.1,3.1,,,,,
1989-06-01,8.2,,11.7,4.5,5.3,5.1,5.6,2.295,8.7,5.2,3.4,3.0,3.3,,,,,
1989-05-01,7.9,,11.2,4.4,5.2,5.0,5.4,2.1999999999999997,8.0,5.4,3.6,2.9,3.0,,,,,
1989-04-01,8.1,,11.1,4.5,5.2,5.2,5.3,2.34,8.4,5.3,3.8,3.3,2.9,,,,,
1989-03-01,6.6,,11.1,4.2,5.0,4.9,5.2,2.0580000000000003,8.0,5.0,3.6,3.3,2.7,,,,,
1989-02-01,7.0,,11.9,4.3,5.2,5.2,5.1,2.2359999999999998,8.2,5.0,3.8,3.1,3.0,,,,,
1989-01-01,8.6,,11.8,4.6,5.4,5.4,5.4,2.484,9.2,5.0,3.8,3.5,3.0,,,,,
1988-12-01,7.6,,11.3,4.6,5.3,5.3,5.3,2.4379999999999997,8.6,5.1,3.8,3.5,3.1,,,,,
1988-11-01,7.9,,11.0,4.6,5.3,5.3,5.3,2.4379999999999997,8.5,5.6,3.8,3.5,2.8,,,,,
1988-10-01,7.8,,11.1,4.7,5.4,5.4,5.4,2.5380000000000003,8.5,5.4,3.8,3.3,2.8,,,,,
1988-09-01,7.4,,11.0,4.8,5.4,5.3,5.5,2.5439999999999996,8.2,5.5,3.7,3.6,2.9,,,,,
1988-08-01,8.1,,11.4,4.8,5.6,5.6,5.6,2.6879999999999997,8.5,5.6,4.0,3.4,3.1,,,,,
1988-07-01,7.9,,11.6,4.7,5.4,5.3,5.5,2.491,8.6,5.3,3.9,3.5,3.0,,,,,
1988-06-01,8.8,,11.5,4.6,5.4,5.4,5.4,2.484,8.4,5.5,3.7,3.3,3.0,,,,,
1988-05-01,8.8,,12.3,4.7,5.6,5.6,5.6,2.632,9.1,5.3,4.2,3.3,3.3,,,,,
1988-04-01,8.8,,12.2,4.6,5.4,5.3,5.6,2.4379999999999997,8.7,5.3,3.9,3.4,3.0,,,,,
1988-03-01,8.4,,12.7,4.8,5.7,5.7,5.7,2.7359999999999998,9.2,5.5,4.1,3.2,3.1,,,,,
1988-02-01,8.5,,12.4,4.9,5.7,5.6,5.9,2.744,8.9,5.5,4.3,3.7,3.2,,,,,
1988-01-01,7.6,,12.0,5.0,5.7,5.7,5.8,2.85,9.0,5.6,4.2,3.5,3.4,,,,,
1987-12-01,8.1,,12.1,4.9,5.7,5.7,5.8,2.793,8.5,5.8,4.2,3.5,3.1,,,,,
1987-11-01,8.8,,12.1,5.0,5.8,5.7,6.0,2.85,8.8,5.7,4.1,3.8,3.4,,,,,
1987-10-01,8.4,,12.3,5.2,6.0,5.9,6.1,3.068,8.8,5.6,4.6,4.1,3.2,,,,,
1987-09-01,8.3,,12.6,5.1,5.9,5.8,6.0,2.9579999999999997,9.4,5.6,4.5,3.7,3.4,,,,,
1987-08-01,7.9,,12.6,5.1,6.0,6.1,6.0,3.1109999999999993,9.4,5.8,4.4,4.0,3.3,,,,,
1987-07-01,8.1,,12.9,5.2,6.1,6.1,6.0,3.1719999999999997,9.7,5.9,4.6,4.0,3.1,,,,,
1987-06-01,8.5,,12.9,5.4,6.2,6.3,6.0,3.402,10.0,5.9,4.4,4.1,3.2,,,,,
1987-05-01,8.6,,13.6,5.4,6.3,6.4,6.2,3.456,9.8,6.1,4.4,3.9,3.5,,,,,
1987-04-01,8.9,,12.9,5.4,6.3,6.3,6.3,3.402,10.1,6.2,4.5,4.0,3.5,,,,,
1987-03-01,9.3,,13.8,5.7,6.6,6.5,6.7,3.7050000000000005,10.2,6.4,4.9,4.2,3.5,,,,,
1987-02-01,9.8,,13.8,5.7,6.6,6.6,6.6,3.762,10.5,6.5,4.7,4.4,3.0,,,,,
1987-01-01,10.6,,14.0,5.7,6.6,6.7,6.6,3.819,10.6,6.8,4.8,4.0,3.2,,,,,
1986-12-01,10.5,,13.7,5.8,6.6,6.7,6.5,3.8859999999999997,10.7,6.7,4.7,4.1,3.4,,,,,
1986-11-01,9.3,,14.3,6.0,6.9,6.9,6.9,4.140000000000001,10.0,7.0,5.1,4.2,3.8,,,,,
1986-10-01,10.4,,14.6,6.0,7.0,7.0,6.9,4.2,10.6,7.0,5.1,4.3,4.1,,,,,
1986-09-01,11.1,,14.9,6.0,7.0,7.1,6.9,4.259999999999999,11.1,6.9,4.9,4.4,3.9,,,,,
1986-08-01,10.9,,14.8,5.9,6.9,6.9,6.9,4.071000000000001,10.5,6.8,4.9,4.5,3.8,,,,,
1986-07-01,10.7,,14.4,6.1,7.0,7.1,7.0,4.3309999999999995,10.7,7.1,5.0,4.5,3.9,,,,,
1986-06-01,10.6,,15.1,6.2,7.2,7.1,7.3,4.401999999999999,10.6,7.0,5.3,4.9,3.8,,,,,
1986-05-01,10.8,,14.6,6.2,7.2,7.1,7.3,4.401999999999999,11.2,7.1,5.2,4.7,3.6,,,,,
1986-04-01,10.3,,14.8,6.1,7.1,6.9,7.4,4.209,10.8,7.1,5.2,4.5,3.9,,,,,
1986-03-01,10.7,,14.6,6.2,7.2,7.0,7.4,4.34,10.7,7.0,5.2,4.6,4.2,,,,,
1986-02-01,11.9,,14.4,6.3,7.2,7.0,7.4,4.41,10.9,7.1,5.3,4.4,4.3,,,,,
1986-01-01,10.2,,14.5,5.7,6.7,6.5,6.9,3.7050000000000005,10.4,6.3,4.7,4.6,3.9,,,,,
1985-12-01,10.5,,15.0,6.0,7.0,6.8,7.2,4.079999999999999,10.7,6.7,4.9,4.6,3.9,,,,,
1985-11-01,10.6,,15.6,5.9,7.0,6.9,7.2,4.071000000000001,11.1,6.9,4.9,4.2,3.8,,,,,
1985-10-01,11.1,,15.0,6.1,7.1,7.1,7.3,4.3309999999999995,11.1,6.9,4.8,4.6,3.9,,,,,
1985-09-01,10.4,,15.2,6.1,7.1,6.9,7.4,4.209,10.9,7.1,5.1,4.7,4.0,,,,,
1985-08-01,10.4,,14.3,6.2,7.1,6.9,7.3,4.278,11.0,7.0,5.1,4.6,4.2,,,,,
1985-07-01,11.2,,15.2,6.4,7.4,7.2,7.6,4.6080000000000005,11.1,6.9,5.2,4.8,4.5,,,,,
1985-06-01,10.7,,14.4,6.5,7.4,7.2,7.5,4.68,11.1,7.1,5.6,4.7,4.4,,,,,
1985-05-01,10.6,,15.2,6.2,7.2,6.9,7.6,4.278,11.2,7.0,5.2,4.4,4.2,,,,,
1985-04-01,10.4,,15.1,6.3,7.3,7.1,7.5,4.473,11.0,7.3,5.2,5.2,4.1,,,,,
1985-03-01,10.5,,15.1,6.2,7.2,7.0,7.5,4.34,11.2,6.9,5.3,5.0,3.9,,,,,
1985-02-01,9.8,,15.8,6.2,7.2,7.1,7.4,4.401999999999999,11.3,7.0,5.2,4.8,4.0,,,,,
1985-01-01,10.5,,15.2,6.3,7.3,7.1,7.6,4.473,11.0,7.1,5.3,4.9,4.3,,,,,
1984-12-01,10.4,,15.2,6.3,7.3,7.2,7.4,4.536,11.1,6.9,5.1,5.0,4.1,,,,,
1984-11-01,10.2,,15.0,6.2,7.2,7.0,7.4,4.34,10.9,6.9,5.0,4.9,4.4,,,,,
1984-10-01,10.8,,15.3,6.3,7.4,7.1,7.7,4.473,11.1,6.8,5.4,4.8,4.6,,,,,
1984-09-01,10.5,,15.0,6.4,7.3,7.3,7.4,4.672,11.4,6.6,5.5,4.9,4.3,,,,,
1984-08-01,10.7,,16.0,6.4,7.5,7.3,7.8,4.672,11.8,7.0,5.6,4.7,4.5,,,,,
1984-07-01,10.4,,16.7,6.3,7.5,7.4,7.6,4.661999999999999,11.2,7.3,5.4,4.9,4.4,,,,,
1984-06-01,10.3,,15.6,6.2,7.2,7.1,7.4,4.401999999999999,10.7,6.9,5.2,4.4,4.6,,,,,
1984-05-01,10.6,,15.7,6.4,7.4,7.3,7.6,4.672,11.1,7.2,5.3,5.0,4.5,,,,,
1984-04-01,11.6,,16.5,6.7,7.7,7.7,7.8,5.159000000000001,12.1,7.6,5.6,4.8,4.4,,,,,
1984-03-01,11.5,,16.6,6.7,7.8,7.7,7.8,5.159000000000001,11.8,7.8,5.3,4.8,4.3,,,,,
1984-02-01,10.4,,16.2,6.8,7.8,7.8,7.8,5.303999999999999,11.7,7.9,5.4,5.0,4.4,,,,,
1984-01-01,11.4,,17.3,6.9,8.0,8.1,7.9,5.589,12.5,8.0,5.5,5.1,4.7,,,,,
1983-12-01,11.6,,17.8,7.1,8.3,8.3,8.3,5.893,12.4,8.3,5.7,5.5,4.9,,,,,
1983-11-01,12.3,,17.5,7.4,8.5,8.6,8.2,6.364,13.0,8.5,5.9,5.3,4.8,,,,,
1983-10-01,12.1,,18.2,7.7,8.8,9.1,8.5,7.007,13.6,8.8,6.3,5.6,4.8,,,,,
1983-09-01,12.9,,18.8,8.0,9.2,9.5,8.7,7.6,13.8,9.3,6.7,5.8,5.0,,,,,
1983-08-01,13.0,,19.7,8.2,9.5,9.8,9.0,8.036,14.4,9.4,6.7,6.2,5.0,,,,,
1983-07-01,12.4,,19.4,8.2,9.4,9.8,9.0,8.036,13.8,9.4,7.1,6.0,5.2,,,,,
1983-06-01,14.3,,20.7,8.7,10.1,10.1,9.9,8.786999999999999,14.6,10.1,7.4,6.4,5.5,,,,,
1983-05-01,14.0,,20.3,8.8,10.1,10.5,9.5,9.24,15.2,10.1,7.6,6.8,5.4,,,,,
1983-04-01,14.8,,20.4,8.9,10.2,10.7,9.5,9.523000000000001,15.4,10.1,7.4,6.8,5.8,,,,,
1983-03-01,15.6,,20.1,9.1,10.3,10.7,9.8,9.736999999999998,15.6,10.7,7.5,6.5,5.4,,,,,
1983-02-01,15.5,,19.9,9.3,10.4,10.9,9.9,10.137,16.2,10.6,7.8,6.6,5.6,,,,,
1983-01-01,15.3,,21.2,9.1,10.4,10.7,10.1,9.736999999999998,16.0,10.6,7.8,6.5,5.5,,,,,
1982-12-01,15.7,,20.9,9.7,10.8,11.2,10.4,10.863999999999999,16.3,11.0,8.5,6.4,5.7,,,,,
1982-11-01,15.2,,20.2,9.6,10.8,11.1,10.2,10.655999999999999,16.4,10.8,8.1,6.6,5.5,,,,,
1982-10-01,15.0,,20.1,9.2,10.4,10.9,9.8,10.028,15.8,10.7,7.6,6.4,5.4,,,,,
1982-09-01,14.4,,19.7,9.0,10.1,10.6,9.5,9.54,15.3,10.6,7.1,6.3,5.1,,,,,
1982-08-01,14.8,,18.9,8.7,9.8,10.2,9.4,8.873999999999999,15.1,9.9,7.0,5.7,5.1,,,,,
1982-07-01,14.2,,18.8,8.7,9.8,10.0,9.6,8.7,14.8,10.1,6.7,5.8,5.1,,,,,
1982-06-01,13.8,,18.5,8.5,9.6,9.8,9.2,8.330000000000002,14.6,10.0,6.6,5.2,5.1,,,,,
1982-05-01,13.9,,18.5,8.2,9.4,9.4,9.3,7.707999999999999,14.3,9.5,6.6,5.6,4.9,,,,,
1982-04-01,12.9,,18.2,8.3,9.3,9.4,9.3,7.8020000000000005,14.6,9.3,6.4,5.3,5.0,,,,,
1982-03-01,12.2,,18.1,8.0,9.0,9.1,8.9,7.28,14.2,8.9,6.4,5.5,4.7,,,,,
1982-02-01,12.1,,17.7,7.8,8.9,8.8,8.9,6.864000000000001,14.0,8.4,6.2,5.1,4.4,,,,,
1982-01-01,11.7,,17.3,7.6,8.6,8.7,8.5,6.611999999999998,13.5,8.3,6.0,5.0,4.2,,,,,
1981-12-01,11.7,,17.2,7.5,8.5,8.5,8.5,6.375,13.5,8.4,6.0,4.9,4.1,,,,,
1981-11-01,11.2,,16.8,7.3,8.3,8.1,8.4,5.912999999999999,12.8,8.0,5.7,4.6,3.7,,,,,
1981-10-01,10.7,,16.7,6.9,7.9,7.7,8.3,5.313000000000001,12.6,7.7,5.3,4.4,3.8,,,,,
1981-09-01,9.6,,15.9,6.6,7.6,7.2,8.1,4.751999999999999,12.3,7.2,5.0,4.1,3.8,,,,,
1981-08-01,10.0,,16.3,6.3,7.4,7.2,7.7,4.536,12.1,7.1,4.6,4.4,3.5,,,,,
1981-07-01,10.0,,15.0,6.3,7.2,6.9,7.7,4.347,11.6,7.0,4.6,4.2,3.5,,,,,
1981-06-01,10.3,,15.7,6.5,7.5,7.3,7.8,4.745,12.2,7.0,4.8,4.2,3.3,,,,,
1981-05-01,10.0,,14.8,6.6,7.5,7.3,7.8,4.818,12.8,7.3,4.5,3.9,3.4,,,,,
1981-04-01,9.5,,14.7,6.4,7.2,6.9,7.6,4.416,11.9,6.7,5.0,3.6,3.3,,,,,
1981-03-01,10.2,,15.1,6.5,7.4,7.1,7.7,4.614999999999999,11.7,6.9,5.0,4.0,3.7,,,,,
1981-02-01,11.3,,14.7,6.6,7.4,7.3,7.7,4.818,11.8,7.0,4.9,4.1,3.6,,,,,
1981-01-01,10.6,,14.6,6.7,7.5,7.2,7.8,4.824000000000001,11.9,7.2,4.8,4.1,3.5,,,,,
1980-12-01,10.3,,15.0,6.3,7.2,6.9,7.6,4.347,11.5,7.1,4.7,4.1,3.5,,,,,
1980-11-01,9.9,,15.1,6.5,7.5,7.3,7.6,4.745,12.1,7.1,4.5,4.5,3.4,,,,,
1980-10-01,10.6,,15.1,6.6,7.5,7.4,7.7,4.8839999999999995,12.3,7.5,4.8,4.2,3.3,,,,,
1980-09-01,11.4,,14.8,6.6,7.5,7.6,7.3,5.016,12.2,7.6,4.8,4.2,3.5,,,,,
1980-08-01,10.8,,14.6,6.9,7.7,7.7,7.8,5.313000000000001,12.2,7.6,5.3,4.5,3.4,,,,,
1980-07-01,10.8,,15.3,6.9,7.8,7.8,7.8,5.382,12.4,7.6,5.2,4.4,3.4,,,,,
1980-06-01,10.1,,14.6,6.7,7.6,7.6,7.6,5.092,12.2,7.4,4.8,4.2,3.3,,,,,
1980-05-01,10.1,,14.4,6.6,7.5,7.4,7.5,4.8839999999999995,12.4,7.2,4.8,3.9,3.4,,,,,
1980-04-01,10.4,,13.8,6.1,6.9,6.7,7.2,4.087,11.2,7.0,4.4,3.8,3.3,,,,,
1980-03-01,9.2,,12.9,5.6,6.3,5.9,6.9,3.304,10.0,6.2,4.1,3.6,2.9,,,,,
1980-02-01,8.9,,12.9,5.5,6.3,5.8,7.0,3.19,10.0,5.8,4.1,3.4,2.9,,,,,
1980-01-01,8.7,,13.0,5.5,6.3,5.8,6.9,3.19,10.2,5.6,3.9,3.4,3.4,,,,,
1979-12-01,9.1,,12.2,5.2,6.0,5.3,6.8,2.756,10.0,5.2,3.7,3.1,2.8,,,,,
1979-11-01,9.2,,11.9,5.2,5.9,5.3,6.7,2.756,9.0,5.4,3.7,3.2,2.9,,,,,
1979-10-01,8.7,,12.3,5.2,6.0,5.3,6.9,2.756,9.5,5.1,3.7,3.3,3.1,,,,,
1979-09-01,7.6,,11.7,5.2,5.9,5.2,6.7,2.704,9.4,4.9,3.8,3.2,2.9,,,,,
1979-08-01,8.7,,12.4,5.3,6.0,5.2,7.1,2.756,9.6,5.3,3.8,3.1,3.1,,,,,
1979-07-01,8.1,,12.1,4.9,5.7,5.1,6.6,2.4989999999999997,9.1,5.0,3.3,3.1,3.1,,,,,
1979-06-01,8.4,,12.2,4.9,5.7,4.9,6.8,2.4010000000000002,8.9,5.0,3.4,3.1,2.9,,,,,
1979-05-01,7.9,,12.4,4.8,5.6,4.8,6.7,2.304,8.9,4.9,3.4,3.0,3.1,,,,,
1979-04-01,8.2,,12.9,5.0,5.8,5.1,6.8,2.55,8.7,5.1,3.5,3.5,3.0,,,,,
1979-03-01,7.9,,12.5,5.1,5.8,5.1,6.8,2.601,9.0,5.3,3.4,3.3,3.2,,,,,
1979-02-01,7.7,,13.1,5.1,5.9,5.2,6.9,2.6519999999999997,9.0,5.4,3.5,3.3,3.1,,,,,
1979-01-01,8.2,,12.4,5.1,5.9,5.1,6.9,2.601,8.8,5.4,3.7,3.1,2.9,,,,,
1978-12-01,8.7,,12.4,5.2,6.0,5.3,7.0,2.756,9.2,5.4,3.7,3.2,3.0,,,,,
1978-11-01,8.4,,12.7,5.0,5.9,5.0,7.0,2.5,9.2,5.2,3.5,3.0,3.0,,,,,
1978-10-01,8.5,,11.8,5.0,5.8,5.1,6.7,2.55,8.7,5.1,3.6,3.3,3.1,,,,,
1978-09-01,8.9,,11.9,5.2,6.0,5.1,7.2,2.6519999999999997,9.4,5.2,3.5,3.4,3.3,,,,,
1978-08-01,9.1,,12.3,5.1,5.9,5.0,7.2,2.55,9.2,5.4,3.7,3.2,2.9,,,,,
1978-07-01,9.5,,13.0,5.3,6.2,5.1,7.6,2.703,9.9,5.3,3.7,3.4,3.1,,,,,
1978-06-01,9.1,,12.8,5.0,5.9,4.9,7.2,2.45,9.4,5.0,3.7,3.3,3.1,,,,,
1978-05-01,9.6,,13.0,5.2,6.0,5.2,7.2,2.704,9.2,5.4,4.0,3.4,3.2,,,,,
1978-04-01,8.5,,12.9,5.3,6.1,5.3,7.1,2.809,10.1,5.4,3.5,3.0,3.2,,,,,
1978-03-01,9.5,,13.1,5.4,6.3,5.6,7.2,3.024,10.3,5.5,3.8,3.2,3.2,,,,,
1978-02-01,9.9,,13.1,5.5,6.3,5.6,7.2,3.0799999999999996,10.3,5.3,3.7,3.3,3.3,,,,,
1978-01-01,9.3,,13.9,5.5,6.4,5.6,7.6,3.0799999999999996,10.6,5.7,3.9,3.4,3.5,,,,,
1977-12-01,8.8,,13.6,5.5,6.4,5.5,7.5,3.025,10.1,5.9,3.8,3.5,3.9,,,,,
1977-11-01,9.3,,14.7,5.8,6.8,5.8,8.1,3.3640000000000003,10.5,6.1,4.3,3.5,4.0,,,,,
1977-10-01,9.4,,14.5,5.9,6.8,6.0,7.9,3.540000000000001,10.4,6.4,4.2,3.6,4.2,,,,,
1977-09-01,9.7,,14.5,6.0,6.8,5.8,8.1,3.4799999999999995,10.7,6.2,4.1,3.6,4.0,,,,,
1977-08-01,9.4,,15.1,6.0,7.0,6.2,8.1,3.72,11.3,6.3,4.3,3.9,3.8,,,,,
1977-07-01,9.5,,13.9,6.0,6.9,6.1,8.0,3.6599999999999993,10.7,6.4,4.4,3.6,3.9,,,,,
1977-06-01,10.1,,13.9,6.4,7.2,6.4,8.4,4.096000000000001,10.9,6.5,4.5,4.1,3.9,,,,,
1977-05-01,9.9,,13.5,6.3,7.0,6.4,7.9,4.032,11.0,6.3,4.4,4.0,4.1,,,,,
1977-04-01,9.6,,12.8,6.4,7.2,6.4,8.4,4.096000000000001,11.0,6.8,4.3,4.1,4.1,,,,,
1977-03-01,11.2,,13.9,6.7,7.4,6.6,8.6,4.422,11.4,6.8,4.7,4.4,4.3,,,,,
1977-02-01,11.4,,14.2,6.9,7.6,7.0,8.6,4.83,12.0,6.9,4.8,4.3,4.7,,,,,
1977-01-01,11.2,,13.8,6.8,7.5,6.8,8.5,4.624,11.4,6.9,4.5,4.5,4.3,,,,,
1976-12-01,11.7,,14.1,7.0,7.8,7.2,8.5,5.04,12.1,7.2,4.9,4.8,4.2,,,,,
1976-11-01,11.7,,14.0,7.1,7.8,7.3,8.7,5.183,12.3,7.2,4.8,4.6,4.5,,,,,
1976-10-01,11.6,,13.9,7.0,7.7,7.0,8.7,4.9,12.4,7.2,4.9,4.4,4.5,,,,,
1976-09-01,11.8,,13.7,7.0,7.6,7.0,8.7,4.9,11.7,7.3,5.1,4.5,4.7,,,,,
1976-08-01,12.4,,14.3,7.1,7.8,6.9,9.0,4.899,12.0,7.2,4.9,4.4,4.7,,,,,
1976-07-01,11.7,,13.9,7.1,7.8,7.1,8.8,5.0409999999999995,11.5,7.3,5.2,4.8,4.9,,,,,
1976-06-01,11.1,,14.3,6.9,7.6,7.1,8.4,4.899,11.9,7.1,4.8,4.3,4.8,,,,,
1976-05-01,10.5,,13.2,6.7,7.4,6.9,8.1,4.623000000000001,11.5,6.8,4.5,4.2,4.3,,,,,
1976-04-01,11.7,,13.8,6.9,7.7,7.0,8.6,4.83,12.0,6.6,4.9,4.3,4.6,,,,,
1976-03-01,11.0,,13.5,6.9,7.6,6.9,8.6,4.761000000000001,11.9,6.7,4.7,4.3,4.7,,,,,
1976-02-01,10.7,,14.4,6.9,7.7,7.0,8.8,4.83,11.9,7.1,5.0,4.3,4.6,,,,,
1976-01-01,11.4,,14.3,7.2,7.9,7.3,8.9,5.256,12.7,7.1,5.0,4.5,4.6,,,,,
1975-12-01,12.1,,14.5,7.4,8.2,7.6,9.1,5.6240000000000006,12.9,7.3,5.3,5.0,5.0,,,,,
1975-11-01,12.4,,14.6,7.6,8.3,7.8,9.0,5.927999999999999,13.6,7.5,5.6,5.0,4.8,,,,,
1975-10-01,13.0,,14.9,7.7,8.4,7.8,9.2,6.006,13.7,7.6,5.6,5.5,4.9,,,,,
1975-09-01,12.7,,15.4,7.7,8.4,8.0,9.0,6.16,13.9,7.8,5.5,5.5,4.6,,,,,
1975-08-01,12.1,,15.2,7.7,8.4,7.9,9.2,6.083,13.5,7.6,5.6,5.4,4.7,,,,,
1975-07-01,11.6,,14.1,8.0,8.6,8.2,9.3,6.559999999999999,13.9,8.1,5.3,5.5,4.9,,,,,
1975-06-01,11.7,,15.0,8.1,8.8,8.3,9.4,6.723,13.3,8.5,5.8,5.6,4.9,,,,,
1975-05-01,14.3,,15.1,8.4,9.0,8.4,9.8,7.056,14.7,8.4,6.0,5.7,5.0,,,,,
1975-04-01,12.4,,15.3,8.0,8.8,8.2,9.6,6.559999999999999,14.4,8.2,6.2,5.2,4.9,,,,,
1975-03-01,12.1,,15.1,7.8,8.6,7.9,9.6,6.162,13.8,7.9,5.8,5.1,4.6,,,,,
1975-02-01,11.2,,14.4,7.4,8.1,7.4,9.1,5.476,13.1,7.4,5.4,4.7,4.5,,,,,
1975-01-01,10.7,,14.1,7.4,8.1,7.3,9.2,5.402,12.2,7.3,5.5,4.9,4.2,,,,,
1974-12-01,9.1,,13.1,6.4,7.2,6.4,8.3,4.096000000000001,11.6,6.4,4.6,4.0,3.8,,,,,
1974-11-01,8.6,,12.4,6.0,6.6,5.8,7.9,3.4799999999999995,10.5,5.9,4.1,3.7,3.2,,,,,
1974-10-01,8.2,,11.5,5.4,6.0,5.3,7.1,2.862,9.3,5.4,3.6,3.1,3.1,,,,,
1974-09-01,8.1,,10.8,5.4,5.9,5.0,7.1,2.7,9.6,4.8,3.6,3.2,3.1,,,,,
1974-08-01,8.1,,9.9,5.0,5.5,4.8,6.5,2.4,9.7,4.6,3.3,2.6,3.2,,,,,
1974-07-01,8.8,,10.4,4.9,5.5,4.7,6.8,2.3030000000000004,9.0,4.6,3.1,2.6,2.8,,,,,
1974-06-01,8.6,,10.1,4.8,5.4,4.6,6.5,2.2079999999999997,8.7,4.3,3.2,2.6,2.7,,,,,
1974-05-01,7.3,,9.7,4.6,5.1,4.4,6.3,2.0239999999999996,8.6,4.2,3.1,2.5,2.7,,,,,
1974-04-01,7.0,,9.5,4.5,5.1,4.5,6.0,2.025,8.0,4.7,3.1,2.6,2.6,,,,,
1974-03-01,7.6,,9.8,4.5,5.1,4.4,6.1,1.9800000000000002,8.0,4.4,2.8,2.7,2.6,,,,,
1974-02-01,7.8,,9.8,4.6,5.2,4.5,6.2,2.07,8.4,4.4,3.0,2.7,2.8,,,,,
1974-01-01,7.6,,9.5,4.6,5.1,4.4,6.2,2.0239999999999996,8.3,4.3,2.9,2.6,2.8,,,,,
1973-12-01,7.6,,9.0,4.4,4.9,4.2,6.1,1.8480000000000003,7.7,4.2,2.9,2.6,2.6,,,,,
1973-11-01,8.1,,9.3,4.3,4.8,4.1,6.0,1.763,7.4,4.1,2.7,2.4,2.7,,,,,
1973-10-01,8.0,,8.8,4.1,4.6,3.9,5.7,1.5989999999999998,7.1,4.0,2.4,2.3,2.7,,,,,
1973-09-01,7.7,,9.7,4.3,4.8,4.0,6.1,1.72,8.1,4.1,2.7,2.2,2.7,,,,,
1973-08-01,7.4,,9.2,4.3,4.8,4.1,6.0,1.763,7.9,4.4,2.6,2.4,2.7,,,,,
1973-07-01,7.2,,9.8,4.2,4.8,4.0,6.0,1.6800000000000002,8.1,4.2,2.5,2.3,2.8,,,,,
1973-06-01,7.9,,9.8,4.3,4.9,4.1,6.0,1.763,8.0,4.5,2.7,2.5,2.6,,,,,
1973-05-01,8.1,,9.6,4.3,4.9,4.3,5.7,1.849,7.8,4.5,2.7,2.3,2.5,,,,,
1973-04-01,7.9,,9.9,4.5,5.0,4.3,6.1,1.9349999999999998,8.0,4.2,2.7,2.8,2.5,,,,,
1973-03-01,7.3,,9.4,4.4,4.9,4.3,6.0,1.8920000000000003,7.8,4.3,2.9,2.7,2.6,,,,,
1973-02-01,,,9.5,4.5,5.0,4.3,6.2,1.9349999999999998,8.0,4.2,2.9,2.8,2.8,,,,,
1973-01-01,,,9.1,4.5,4.9,4.2,6.1,1.8900000000000003,8.1,4.4,3.0,2.7,2.8,,,,,
1972-12-01,,,9.4,4.6,5.2,4.5,6.2,2.07,8.5,4.3,2.9,2.7,3.0,,,,,
1972-11-01,,,10.0,4.7,5.3,4.6,6.2,2.1619999999999995,8.7,4.2,3.3,2.8,2.8,,,,,
1972-10-01,,,10.6,5.1,5.6,4.8,6.8,2.448,9.6,4.6,3.4,3.0,3.5,,,,,
1972-09-01,,,10.4,5.0,5.5,4.8,6.7,2.4,9.2,4.6,3.5,2.8,3.2,,,,,
1972-08-01,,,10.6,5.1,5.6,4.9,6.9,2.4989999999999997,9.1,4.5,3.7,3.0,3.5,,,,,
1972-07-01,,,10.5,5.1,5.6,4.8,7.0,2.448,9.7,4.6,3.7,3.1,3.4,,,,,
1972-06-01,,,10.2,5.1,5.7,4.9,6.8,2.4989999999999997,9.1,4.9,3.6,3.2,3.5,,,,,
1972-05-01,,,10.2,5.1,5.7,5.1,6.6,2.601,9.5,4.8,3.7,3.1,3.5,,,,,
1972-04-01,,,9.8,5.3,5.7,5.1,6.7,2.703,9.6,4.7,3.6,3.0,3.6,,,,,
1972-03-01,,,10.7,5.2,5.8,5.3,6.7,2.756,9.8,4.4,3.8,3.1,3.3,,,,,
1972-02-01,,,11.2,5.1,5.7,5.3,6.4,2.703,9.2,4.8,3.3,3.0,3.2,,,,,
1972-01-01,,,11.2,5.2,5.8,5.3,6.7,2.756,9.9,5.0,3.6,3.2,3.2,,,,,
1971-12-01,,,,5.4,6.0,5.5,6.8,2.9700000000000006,9.9,5.3,3.9,3.5,3.4,,,,,
1971-11-01,,,,5.6,6.0,5.4,7.0,3.024,10.4,5.5,3.8,3.3,3.4,,,,,
1971-10-01,,,,5.4,5.8,5.2,6.8,2.8080000000000003,9.5,5.4,4.0,3.3,2.9,,,,,
1971-09-01,,,,5.4,6.0,5.4,6.9,2.9160000000000004,9.7,5.3,3.9,3.6,3.2,,,,,
1971-08-01,,,,5.6,6.1,5.5,7.0,3.0799999999999996,10.1,5.2,4.1,3.5,3.4,,,,,
1971-07-01,,,,5.5,6.0,5.4,7.0,2.9700000000000006,9.7,5.3,4.0,3.5,3.1,,,,,
1971-06-01,,,,5.5,5.9,5.3,6.9,2.915,10.4,5.0,3.8,3.3,3.2,,,,,
1971-05-01,,,,5.4,5.9,5.3,6.9,2.862,10.5,5.2,3.7,3.3,3.4,,,,,
1971-04-01,,,,5.4,5.9,5.2,7.0,2.8080000000000003,10.0,5.2,3.8,3.4,3.5,,,,,
1971-03-01,,,,5.5,6.0,5.3,7.1,2.915,10.1,5.4,3.6,3.4,3.4,,,,,
1971-02-01,,,,5.3,5.9,5.3,6.8,2.809,10.0,5.2,3.8,3.3,3.6,,,,,
1971-01-01,,,,5.5,5.9,5.4,6.8,2.9700000000000006,9.8,5.3,4.0,3.2,3.7,,,,,
1970-12-01,,,,5.6,6.1,5.6,6.9,3.136,10.0,5.4,4.3,3.4,3.5,,,,,
1970-11-01,,,,5.4,5.9,5.2,6.9,2.8080000000000003,9.8,5.1,3.8,3.4,3.3,,,,,
1970-10-01,,,,5.2,5.5,5.0,6.4,2.6,9.1,4.7,3.7,3.1,3.1,,,,,
1970-09-01,,,,5.0,5.4,4.8,6.3,2.4,9.3,4.3,3.3,3.0,3.1,,,,,
1970-08-01,,,,4.7,5.1,4.6,6.0,2.1619999999999995,8.4,4.5,3.2,3.0,2.8,,,,,
1970-07-01,,,,4.6,5.0,4.6,5.8,2.1159999999999997,8.5,4.5,3.1,3.2,2.9,,,,,
1970-06-01,,,,4.5,4.9,4.5,5.7,2.025,7.8,4.4,3.0,2.7,2.8,,,,,
1970-05-01,,,,4.4,4.8,4.2,5.7,1.8480000000000003,7.8,4.0,3.0,2.7,3.1,,,,,
1970-04-01,,,,4.1,4.6,4.0,5.5,1.6399999999999997,7.5,3.9,2.8,2.5,2.7,,,,,
1970-03-01,,,,4.0,4.4,3.7,5.6,1.48,6.9,3.5,3.0,2.7,2.7,,,,,
1970-02-01,,,,3.8,4.2,3.6,5.1,1.3679999999999999,7.4,3.5,2.6,2.3,2.4,,,,,
1970-01-01,,,,3.6,3.9,3.3,4.9,1.1879999999999997,6.4,3.2,2.3,2.1,2.1,,,,,
1969-12-01,,,,3.3,3.5,3.0,4.5,0.9899999999999999,5.9,2.8,2.1,2.0,2.1,,,,,
1969-11-01,,,,3.2,3.5,2.9,4.5,0.928,5.8,3.0,2.2,1.9,2.0,,,,,
1969-10-01,,,,3.4,3.7,3.0,5.0,1.0199999999999998,6.0,2.9,2.1,2.0,2.2,,,,,
1969-09-01,,,,3.4,3.7,3.1,4.9,1.0539999999999998,6.2,3.0,2.4,1.9,2.2,,,,,
1969-08-01,,,,3.1,3.5,2.8,4.8,0.868,5.4,2.9,2.2,1.9,2.1,,,,,
1969-07-01,,,,3.2,3.5,2.9,4.6,0.928,5.7,2.8,2.2,1.9,2.0,,,,,
1969-06-01,,,,3.1,3.5,2.7,4.8,0.8370000000000001,5.6,2.9,2.2,1.8,1.9,,,,,
1969-05-01,,,,3.0,3.4,2.6,4.6,0.78,5.4,2.6,2.3,1.9,1.7,,,,,
1969-04-01,,,,3.0,3.4,2.6,4.7,0.78,5.6,2.7,2.1,1.9,1.9,,,,,
1969-03-01,,,,3.0,3.4,2.7,4.6,0.8100000000000002,5.5,2.7,2.0,1.8,1.9,,,,,
1969-02-01,,,,3.0,3.4,2.6,4.6,0.78,5.5,2.6,2.1,1.9,2.1,,,,,
1969-01-01,,,,3.0,3.4,2.7,4.6,0.8100000000000002,5.5,2.6,2.1,2.1,2.0,,,,,
1968-12-01,,,,3.0,3.4,2.7,4.6,0.8100000000000002,5.6,2.6,1.9,1.9,2.0,,,,,
1968-11-01,,,,3.0,3.4,2.7,4.6,0.8100000000000002,5.7,2.5,2.2,1.9,2.2,,,,,
1968-10-01,,,,3.0,3.4,2.7,4.5,0.8100000000000002,5.7,2.8,1.9,1.8,2.0,,,,,
1968-09-01,,,,3.1,3.4,2.7,4.5,0.8370000000000001,5.5,2.6,2.1,2.0,2.0,,,,,
1968-08-01,,,,3.2,3.5,2.8,4.7,0.8959999999999999,6.0,2.9,2.1,1.8,2.0,,,,,
1968-07-01,,,,3.2,3.7,2.9,5.0,0.928,5.4,3.1,2.2,1.9,2.2,,,,,
1968-06-01,,,,3.4,3.7,3.0,4.9,1.0199999999999998,6.5,2.8,2.1,1.8,2.3,,,,,
1968-05-01,,,,3.1,3.5,2.7,4.7,0.8370000000000001,5.6,2.9,2.1,1.7,2.1,,,,,
1968-04-01,,,,3.1,3.5,2.8,4.7,0.868,5.5,2.7,2.3,2.1,1.9,,,,,
1968-03-01,,,,3.2,3.7,3.0,4.8,0.9600000000000001,6.1,3.0,2.4,1.9,2.3,,,,,
1968-02-01,,,,3.4,3.8,3.1,5.1,1.0539999999999998,6.2,3.2,2.5,2.1,2.4,,,,,
1968-01-01,,,,3.3,3.7,3.0,5.0,0.9899999999999999,6.0,2.9,2.6,2.1,2.6,,,,,
1967-12-01,,,,3.4,3.8,3.1,5.1,1.0539999999999998,6.1,3.3,2.5,2.2,2.4,,,,,
1967-11-01,,,,3.5,3.9,3.1,5.2,1.085,5.7,3.2,2.5,2.4,2.6,,,,,
1967-10-01,,,,3.5,4.0,3.1,5.6,1.085,5.8,3.3,2.7,2.3,2.4,,,,,
1967-09-01,,,,3.3,3.8,2.9,5.3,0.9569999999999999,6.1,3.1,2.5,2.2,2.2,,,,,
1967-08-01,,,,3.4,3.8,3.1,4.9,1.0539999999999998,5.4,3.0,2.4,2.1,2.6,,,,,
1967-07-01,,,,3.3,3.8,3.0,5.1,0.9899999999999999,6.0,3.3,2.4,2.2,2.3,,,,,
1967-06-01,,,,3.5,3.9,3.2,5.1,1.12,5.7,3.3,2.6,2.7,2.2,,,,,
1967-05-01,,,,3.3,3.8,3.2,5.0,1.056,5.5,3.1,2.4,2.4,2.6,,,,,
1967-04-01,,,,3.4,3.8,3.1,4.9,1.0539999999999998,5.4,3.1,2.6,2.3,2.5,,,,,
1967-03-01,,,,3.3,3.8,3.0,5.1,0.9899999999999999,5.5,3.1,2.6,2.5,2.6,,,,,
1967-02-01,,,,3.3,3.8,3.0,5.2,0.9899999999999999,5.0,3.1,2.5,2.6,2.4,,,,,
1967-01-01,,,,3.4,3.9,3.0,5.4,1.0199999999999998,5.9,3.2,2.5,2.4,2.9,,,,,
1966-12-01,,,,3.3,3.8,3.2,4.8,1.056,5.9,2.8,2.5,2.6,2.6,,,,,
1966-11-01,,,,3.2,3.6,3.1,4.6,0.9920000000000002,5.1,2.7,2.8,2.3,2.4,,,,,
1966-10-01,,,,3.3,3.7,3.0,4.9,0.9899999999999999,5.0,2.8,2.7,2.2,2.5,,,,,
1966-09-01,,,,3.2,3.7,3.1,4.7,0.9920000000000002,5.0,2.9,2.4,2.2,2.5,,,,,
1966-08-01,,,,3.3,3.8,3.2,4.9,1.056,5.4,3.1,2.7,2.3,2.6,,,,,
1966-07-01,,,,3.3,3.8,3.2,4.8,1.056,4.6,3.2,2.5,2.3,2.8,,,,,
1966-06-01,,,,3.4,3.8,3.2,4.9,1.088,5.5,3.1,2.5,2.3,2.4,,,,,
1966-05-01,,,,3.5,3.9,3.2,5.2,1.12,5.6,3.1,2.4,2.3,2.8,,,,,
1966-04-01,,,,3.3,3.8,3.1,4.8,1.0230000000000001,5.4,3.1,2.4,2.2,2.5,,,,,
1966-03-01,,,,3.4,3.8,3.3,4.8,1.1219999999999999,5.4,3.3,2.4,2.3,2.7,,,,,
1966-02-01,,,,3.4,3.8,3.3,4.7,1.1219999999999999,5.0,3.0,2.6,2.4,2.8,,,,,
1966-01-01,,,,3.5,4.0,3.4,5.0,1.1900000000000002,5.5,3.4,2.7,2.3,2.8,,,,,
1965-12-01,,,,3.6,4.0,3.4,5.1,1.2240000000000002,5.9,3.3,2.8,2.4,2.7,,,,,
1965-11-01,,,,3.7,4.1,3.4,5.4,1.258,6.4,3.3,2.9,2.5,3.0,,,,,
1965-10-01,,,,3.8,4.2,3.7,5.1,1.4060000000000001,5.7,3.3,3.0,2.6,2.9,,,,,
1965-09-01,,,,3.8,4.3,3.7,5.4,1.4060000000000001,5.7,3.7,3.0,2.6,2.9,,,,,
1965-08-01,,,,4.0,4.4,3.9,5.2,1.5599999999999998,6.4,3.4,3.1,2.9,3.3,,,,,
1965-07-01,,,,3.9,4.4,3.9,5.3,1.521,6.5,3.7,2.9,2.8,3.1,,,,,
1965-06-01,,,,4.2,4.6,3.9,5.7,1.638,7.0,3.4,3.4,2.7,3.4,,,,,
1965-05-01,,,,4.2,4.6,4.1,5.5,1.722,7.2,3.5,3.8,2.8,3.0,,,,,
1965-04-01,,,,4.4,4.8,4.3,5.9,1.8920000000000003,7.5,4.0,3.4,2.6,3.5,,,,,
1965-03-01,,,,4.3,4.7,4.1,5.9,1.763,7.2,4.0,3.3,3.0,3.3,,,,,
1965-02-01,,,,4.5,5.1,4.3,6.4,1.9349999999999998,7.5,4.4,3.6,3.1,3.5,,,,,
1965-01-01,,,,4.3,4.9,4.3,5.9,1.849,7.4,4.2,3.5,3.0,3.1,,,,,
1964-12-01,,,,4.5,5.0,4.3,6.2,1.9349999999999998,7.5,4.4,3.5,3.1,3.0,,,,,
1964-11-01,,,,4.3,4.8,4.3,5.9,1.849,7.6,4.2,3.5,3.2,3.2,,,,,
1964-10-01,,,,4.6,5.1,4.5,6.1,2.07,8.5,4.1,3.6,3.3,3.8,,,,,
1964-09-01,,,,4.5,5.1,4.6,6.0,2.07,8.0,4.0,3.4,3.2,4.0,,,,,
1964-08-01,,,,4.4,5.0,4.5,5.9,1.9800000000000002,8.0,4.0,3.3,3.5,3.6,,,,,
1964-07-01,,,,4.3,4.9,4.4,6.0,1.8920000000000003,8.0,4.0,3.4,3.5,3.5,,,,,
1964-06-01,,,,4.7,5.2,4.7,6.2,2.209,8.3,4.4,3.3,3.6,3.7,,,,,
1964-05-01,,,,4.5,5.1,4.5,6.3,2.025,8.3,4.1,3.6,3.3,3.7,,,,,
1964-04-01,,,,4.8,5.3,4.8,6.4,2.304,8.5,4.4,3.8,3.8,3.9,,,,,
1964-03-01,,,,4.9,5.4,4.8,6.6,2.352,8.7,4.5,3.8,3.6,4.0,,,,,
1964-02-01,,,,4.9,5.4,4.8,6.5,2.352,9.1,4.5,3.9,3.5,4.2,,,,,
1964-01-01,,,,5.0,5.6,5.0,6.6,2.5,9.1,4.8,3.9,3.8,4.0,,,,,
1963-12-01,,,,5.0,5.5,5.0,6.4,2.5,8.6,5.1,4.2,3.3,4.2,,,,,
1963-11-01,,,,5.0,5.7,5.3,6.6,2.65,8.8,5.7,4.2,3.5,4.1,,,,,
1963-10-01,,,,4.8,5.5,5.0,6.6,2.4,9.3,4.9,3.8,3.5,3.9,,,,,
1963-09-01,,,,4.8,5.5,4.9,6.6,2.352,9.1,5.0,3.4,3.7,3.8,,,,,
1963-08-01,,,,4.8,5.4,4.9,6.3,2.352,8.9,5.0,3.8,3.9,3.6,,,,,
1963-07-01,,,,5.1,5.6,5.1,6.6,2.601,8.9,4.8,4.0,3.8,3.9,,,,,
1963-06-01,,,,4.9,5.6,5.1,6.4,2.4989999999999997,8.8,4.9,3.9,3.6,4.2,,,,,
1963-05-01,,,,5.2,5.9,5.4,6.7,2.8080000000000003,8.5,5.3,4.0,4.1,4.4,,,,,
1963-04-01,,,,5.1,5.7,5.4,6.2,2.754,8.8,5.1,4.0,4.0,4.2,,,,,
1963-03-01,,,,5.0,5.7,5.4,6.2,2.7,8.5,5.3,4.2,4.0,4.0,,,,,
1963-02-01,,,,5.3,5.9,5.7,6.5,3.021,8.7,5.7,4.4,3.9,4.4,,,,,
1963-01-01,,,,5.0,5.7,5.4,6.4,2.7,8.7,5.3,4.1,4.4,4.2,,,,,
1962-12-01,,,,4.8,5.5,5.1,6.2,2.448,8.8,5.1,3.7,4.3,4.5,,,,,
1962-11-01,,,,5.0,5.7,5.3,6.3,2.65,9.0,5.0,4.0,4.0,4.7,,,,,
1962-10-01,,,,4.8,5.4,5.0,6.1,2.4,9.0,5.0,3.8,3.3,4.7,,,,,
1962-09-01,,,,5.0,5.6,5.2,6.3,2.6,9.2,5.1,4.1,4.1,4.5,,,,,
1962-08-01,,,,5.0,5.7,5.3,6.4,2.65,10.3,5.2,4.3,3.9,4.3,,,,,
1962-07-01,,,,4.8,5.4,5.1,6.1,2.448,9.2,5.0,4.3,3.8,3.9,,,,,
1962-06-01,,,,4.8,5.5,5.3,5.8,2.5439999999999996,8.3,5.0,4.4,4.1,4.1,,,,,
1962-05-01,,,,4.8,5.5,5.2,6.0,2.496,8.7,5.0,4.0,4.1,4.3,,,,,
1962-04-01,,,,4.7,5.6,5.2,6.2,2.444,8.5,5.3,4.4,4.2,3.8,,,,,
1962-03-01,,,,4.8,5.6,5.2,6.3,2.496,9.1,5.1,4.1,4.1,3.9,,,,,
1962-02-01,,,,4.8,5.5,5.2,6.2,2.496,8.4,4.8,4.1,4.2,4.0,,,,,
1962-01-01,,,,5.1,5.8,5.4,6.7,2.754,9.2,5.3,4.4,4.0,4.5,,,,,
1961-12-01,,,,5.3,6.0,5.7,6.4,3.021,9.6,5.2,4.6,4.4,4.9,,,,,
1961-11-01,,,,5.4,6.1,5.8,6.6,3.132,9.1,6.0,4.5,4.5,4.7,,,,,
1961-10-01,,,,5.7,6.5,6.1,7.2,3.4769999999999994,9.9,6.1,5.0,4.5,5.3,,,,,
1961-09-01,,,,5.9,6.7,6.3,7.3,3.717,9.7,5.8,5.1,4.8,5.7,,,,,
1961-08-01,,,,5.9,6.6,6.4,7.0,3.7760000000000002,10.0,6.1,5.3,4.6,5.6,,,,,
1961-07-01,,,,6.3,7.0,6.6,7.7,4.1579999999999995,10.6,6.5,5.2,5.4,5.9,,,,,
1961-06-01,,,,6.2,6.9,6.5,7.6,4.03,10.6,6.5,5.5,5.3,5.5,,,,,
1961-05-01,,,,6.3,7.1,6.9,7.4,4.347,11.1,6.7,5.8,5.4,5.5,,,,,
1961-04-01,,,,6.2,7.0,6.8,7.4,4.215999999999999,12.9,6.3,5.3,5.1,5.5,,,,,
1961-03-01,,,,6.2,6.9,6.6,7.4,4.0920000000000005,10.8,6.3,5.4,5.1,5.2,,,,,
1961-02-01,,,,6.2,6.9,6.6,7.3,4.0920000000000005,10.5,6.7,5.3,5.4,4.9,,,,,
1961-01-01,,,,5.9,6.6,6.5,6.9,3.8350000000000004,10.0,6.2,5.1,5.1,4.9,,,,,
1960-12-01,,,,5.9,6.6,6.3,7.0,3.717,10.6,6.4,5.1,5.4,4.5,,,,,
1960-11-01,,,,5.5,6.1,6.0,6.5,3.3000000000000003,10.0,6.2,4.8,4.6,4.3,,,,,
1960-10-01,,,,5.5,6.1,5.9,6.4,3.245,8.6,5.9,4.7,4.8,4.5,,,,,
1960-09-01,,,,5.1,5.5,5.5,5.7,2.8049999999999997,8.4,5.5,4.1,4.1,4.0,,,,,
1960-08-01,,,,5.1,5.6,5.6,5.8,2.8559999999999994,8.5,5.6,4.1,4.2,4.3,,,,,
1960-07-01,,,,4.9,5.5,5.3,5.8,2.5970000000000004,8.6,5.5,4.1,4.0,4.0,,,,,
1960-06-01,,,,4.8,5.4,5.2,5.7,2.496,8.3,5.1,4.0,3.8,4.1,,,,,
1960-05-01,,,,4.6,5.1,5.0,5.5,2.3,8.4,4.4,4.0,3.8,3.7,,,,,
1960-04-01,,,,4.6,5.2,5.0,5.5,2.3,8.5,5.0,3.7,3.7,4.0,,,,,
1960-03-01,,,,4.8,5.4,5.3,5.8,2.5439999999999996,8.5,4.8,3.9,4.1,4.2,,,,,
1960-02-01,,,,4.3,4.8,4.6,5.4,1.978,8.1,4.3,3.5,3.5,3.9,,,,,
1960-01-01,,,,4.6,5.2,5.0,5.7,2.3,8.2,4.6,3.8,3.9,4.2,,,,,
1959-12-01,,,,4.7,5.3,5.0,5.8,2.35,8.1,5.0,3.8,3.9,4.3,,,,,
1959-11-01,,,,5.3,5.8,5.9,5.8,3.127,8.6,5.2,4.9,4.4,4.4,,,,,
1959-10-01,,,,5.0,5.7,5.5,6.1,2.75,8.4,5.2,4.1,4.6,4.5,,,,,
1959-09-01,,,,4.9,5.5,5.5,5.6,2.6950000000000003,8.7,5.1,4.2,4.1,4.2,,,,,
1959-08-01,,,,4.6,5.2,5.1,5.6,2.3459999999999996,7.7,4.5,4.1,4.1,3.8,,,,,
1959-07-01,,,,4.5,5.1,4.9,5.7,2.205,7.7,4.4,3.9,4.0,4.3,,,,,
1959-06-01,,,,4.4,5.0,4.7,5.6,2.0680000000000005,8.1,4.4,3.8,3.9,3.9,,,,,
1959-05-01,,,,4.5,5.1,4.8,5.8,2.1599999999999997,7.0,4.7,3.8,3.7,4.4,,,,,
1959-04-01,,,,4.7,5.2,4.8,6.1,2.2560000000000002,7.8,4.6,3.9,4.0,4.3,,,,,
1959-03-01,,,,4.9,5.6,5.3,6.2,2.5970000000000004,9.3,5.3,4.2,4.2,4.5,,,,,
1959-02-01,,,,5.2,5.9,5.8,6.0,3.016,9.9,5.7,4.7,4.4,4.8,,,,,
1959-01-01,,,,5.3,6.0,5.9,6.2,3.127,9.8,5.7,4.6,4.4,4.8,,,,,
1958-12-01,,,,5.5,6.2,6.2,6.2,3.4099999999999997,10.1,6.0,5.0,4.4,5.3,,,,,
1958-11-01,,,,5.5,6.2,6.3,6.0,3.465,9.4,6.0,4.7,4.3,5.2,,,,,
1958-10-01,,,,6.0,6.7,6.7,6.7,4.02,11.0,6.4,5.2,5.1,5.6,,,,,
1958-09-01,,,,6.4,7.1,7.1,7.0,4.544,11.2,6.6,5.6,5.3,5.6,,,,,
1958-08-01,,,,6.7,7.4,7.5,7.2,5.025,11.8,7.3,5.9,6.0,5.8,,,,,
1958-07-01,,,,6.8,7.5,7.6,7.3,5.167999999999999,12.3,7.5,5.9,5.8,5.3,,,,,
1958-06-01,,,,6.6,7.3,7.4,7.1,4.8839999999999995,11.8,7.7,5.9,6.0,5.2,,,,,
1958-05-01,,,,6.7,7.4,7.5,7.3,5.025,12.1,7.6,6.0,5.7,5.1,,,,,
1958-04-01,,,,6.7,7.4,7.3,7.6,4.890999999999999,12.7,7.6,5.9,5.7,5.2,,,,,
1958-03-01,,,,5.9,6.7,6.7,6.6,3.9530000000000003,11.3,6.8,5.5,5.0,4.9,,,,,
1958-02-01,,,,5.7,6.4,6.3,6.6,3.5909999999999997,10.8,6.3,5.6,4.8,4.6,,,,,
1958-01-01,,,,5.2,5.8,5.7,5.9,2.964,9.9,5.7,4.5,4.2,4.1,,,,,
1957-12-01,,,,4.7,5.2,5.2,5.1,2.444,8.5,5.0,4.0,4.0,3.9,,,,,
1957-11-01,,,,4.6,5.1,5.2,5.1,2.3919999999999995,9.1,4.6,3.8,4.0,3.8,,,,,
1957-10-01,,,,4.0,4.5,4.4,4.6,1.76,7.4,4.1,3.7,3.6,3.6,,,,,
1957-09-01,,,,3.9,4.4,4.3,4.6,1.677,7.2,4.0,3.4,3.4,3.5,,,,,
1957-08-01,,,,3.7,4.1,3.9,4.7,1.443,7.2,3.8,2.8,3.1,3.2,,,,,
1957-07-01,,,,3.7,4.2,3.8,4.8,1.4060000000000001,6.3,4.0,2.9,3.0,3.3,,,,,
1957-06-01,,,,3.7,4.3,4.0,4.8,1.48,7.3,3.9,3.2,3.1,3.3,,,,,
1957-05-01,,,,3.6,4.1,3.8,4.7,1.3679999999999999,6.7,3.7,2.7,2.9,3.5,,,,,
1957-04-01,,,,3.5,3.9,3.8,4.2,1.3299999999999998,6.6,3.7,2.9,2.7,3.1,,,,,
1957-03-01,,,,3.4,3.7,3.5,4.3,1.1900000000000002,5.6,3.2,2.7,2.9,3.2,,,,,
1957-02-01,,,,3.6,3.9,3.6,4.5,1.296,6.9,3.4,2.8,3.1,3.3,,,,,
1957-01-01,,,,3.8,4.2,3.9,4.8,1.4819999999999998,6.8,3.6,3.1,3.4,3.2,,,,,
1956-12-01,,,,3.8,4.2,3.9,4.7,1.4819999999999998,7.3,3.7,3.3,3.4,3.5,,,,,
1956-11-01,,,,3.8,4.3,4.0,4.9,1.52,6.5,3.8,3.1,3.4,3.5,,,,,
1956-10-01,,,,3.4,3.9,3.5,4.7,1.1900000000000002,6.8,3.5,2.8,3.0,3.2,,,,,
1956-09-01,,,,3.5,3.9,3.6,4.6,1.26,6.3,3.8,3.0,3.0,3.2,,,,,
1956-08-01,,,,3.4,4.1,3.7,4.8,1.258,6.7,3.7,3.3,3.0,3.1,,,,,
1956-07-01,,,,3.8,4.4,3.8,5.7,1.444,7.2,4.2,3.3,3.2,3.5,,,,,
1956-06-01,,,,3.7,4.3,4.0,5.1,1.48,7.0,4.1,3.2,2.7,3.7,,,,,
1956-05-01,,,,3.8,4.3,3.9,5.0,1.4819999999999998,6.9,3.7,3.0,3.2,3.7,,,,,
1956-04-01,,,,3.6,4.0,3.6,4.8,1.296,6.6,3.4,2.9,3.1,3.6,,,,,
1956-03-01,,,,3.7,4.2,3.8,5.1,1.4060000000000001,6.7,3.7,2.9,3.7,3.2,,,,,
1956-02-01,,,,3.6,3.9,3.8,4.3,1.3679999999999999,5.6,3.3,2.8,3.6,3.4,,,,,
1956-01-01,,,,3.5,4.0,3.8,4.5,1.3299999999999998,6.3,3.7,3.0,2.8,3.4,,,,,
1955-12-01,,,,3.7,4.2,3.8,4.9,1.4060000000000001,6.1,3.6,3.0,3.4,3.8,,,,,
1955-11-01,,,,3.6,4.2,3.9,4.9,1.404,5.9,3.5,3.2,3.4,3.7,,,,,
1955-10-01,,,,3.7,4.3,3.9,5.1,1.443,6.4,3.7,3.0,3.5,4.5,,,,,
1955-09-01,,,,3.6,4.1,3.7,5.0,1.332,7.4,3.7,2.9,2.7,3.8,,,,,
1955-08-01,,,,3.6,4.2,3.9,4.9,1.404,6.6,3.4,2.9,3.3,4.1,,,,,
1955-07-01,,,,3.6,4.0,3.8,4.6,1.3679999999999999,7.1,3.2,2.9,3.2,3.7,,,,,
1955-06-01,,,,3.7,4.2,3.9,4.7,1.443,7.3,3.3,3.1,3.3,4.1,,,,,
1955-05-01,,,,3.8,4.3,4.0,4.7,1.52,7.2,3.4,3.6,3.1,4.0,,,,,
1955-04-01,,,,4.3,4.7,4.7,4.7,2.0210000000000004,7.2,4.8,3.6,3.9,3.9,,,,,
1955-03-01,,,,4.0,4.6,4.5,4.8,1.7999999999999998,7.0,4.4,3.8,3.3,3.9,,,,,
1955-02-01,,,,4.1,4.7,4.5,5.0,1.8449999999999998,7.5,4.2,3.9,3.4,4.2,,,,,
1955-01-01,,,,4.5,4.9,4.8,5.3,2.1599999999999997,8.1,4.1,4.0,3.7,4.6,,,,,
1954-12-01,,,,4.4,5.0,5.0,5.2,2.1999999999999997,8.2,4.3,4.1,3.9,4.4,,,,,
1954-11-01,,,,4.7,5.3,5.2,5.6,2.444,9.6,5.0,4.1,4.2,4.7,,,,,
1954-10-01,,,,5.1,5.7,5.7,5.8,2.907,9.0,6.1,4.6,4.5,4.7,,,,,
1954-09-01,,,,5.9,6.1,6.0,6.4,3.540000000000001,10.7,5.8,5.7,4.4,4.5,,,,,
1954-08-01,,,,5.6,6.0,6.0,6.2,3.359999999999999,9.1,6.0,4.9,4.5,4.6,,,,,
1954-07-01,,,,5.3,5.8,5.6,6.3,2.9679999999999995,9.1,5.5,4.7,4.6,4.6,,,,,
1954-06-01,,,,5.0,5.6,5.3,6.2,2.65,8.8,5.5,4.9,4.8,4.6,,,,,
1954-05-01,,,,5.3,5.9,5.7,6.3,3.021,9.4,5.9,4.9,4.7,4.7,,,,,
1954-04-01,,,,5.5,5.9,5.6,6.4,3.0799999999999996,9.8,5.5,4.4,4.8,4.7,,,,,
1954-03-01,,,,5.0,5.7,5.3,6.4,2.65,9.2,5.4,4.3,4.5,4.6,,,,,
1954-02-01,,,,4.9,5.2,4.9,5.9,2.4010000000000002,9.2,4.8,4.1,4.0,3.8,,,,,
1954-01-01,,,,4.5,4.9,4.4,5.9,1.9800000000000002,8.7,4.3,3.7,3.8,3.6,,,,,
1953-12-01,,,,,4.5,4.2,5.1,,8.3,4.0,3.3,3.4,3.5,,,,,
1953-11-01,,,,,3.5,3.4,3.7,,6.0,3.4,2.5,2.8,3.1,,,,,
1953-10-01,,,,,3.1,2.9,3.6,,4.3,2.9,2.5,2.5,2.4,,,,,
1953-09-01,,,,,2.9,2.7,3.4,,5.1,2.4,2.1,2.6,2.8,,,,,
1953-08-01,,,,,2.7,2.5,3.0,,5.2,2.2,2.0,1.6,2.3,,,,,
1953-07-01,,,,,2.6,2.5,2.9,,3.7,2.1,2.0,1.9,2.7,,,,,
1953-06-01,,,,,2.5,2.4,2.8,,4.2,2.2,1.9,2.1,2.0,,,,,
1953-05-01,,,,,2.5,2.5,2.7,,3.8,2.5,1.9,2.3,2.0,,,,,
1953-04-01,,,,,2.7,2.6,3.0,,4.6,2.3,2.1,2.0,2.4,,,,,
1953-03-01,,,,,2.6,2.3,3.2,,4.2,1.9,2.1,2.0,2.5,,,,,
1953-02-01,,,,,2.6,2.4,2.9,,3.6,2.3,1.7,2.1,2.6,,,,,
1953-01-01,,,,,2.9,2.8,3.1,,4.0,2.8,2.1,2.3,2.5,,,,,
1952-12-01,,,,,2.7,2.5,3.1,,4.7,2.2,1.8,1.9,2.3,,,,,
1952-11-01,,,,,2.8,2.5,3.4,,4.1,2.6,2.2,2.1,2.1,,,,,
1952-10-01,,,,,3.0,2.6,3.8,,4.8,2.6,2.3,2.1,2.3,,,,,
1952-09-01,,,,,3.1,3.0,3.3,,5.9,2.9,1.9,2.2,2.7,,,,,
1952-08-01,,,,,3.4,3.2,3.8,,5.0,2.9,2.8,2.5,3.0,,,,,
1952-07-01,,,,,3.2,3.0,3.7,,4.7,2.8,2.5,2.4,2.8,,,,,
1952-06-01,,,,,3.0,2.8,3.5,,4.3,2.4,2.3,2.7,2.5,,,,,
1952-05-01,,,,,3.0,2.6,3.9,,4.4,2.5,2.1,2.3,2.7,,,,,
1952-04-01,,,,,2.9,2.7,3.5,,4.5,2.6,2.2,2.1,2.6,,,,,
1952-03-01,,,,,2.9,2.7,3.5,,4.4,2.2,2.1,2.5,2.6,,,,,
1952-02-01,,,,,3.1,2.8,3.8,,4.4,2.8,2.6,2.3,2.6,,,,,
1952-01-01,,,,,3.2,2.8,3.9,,4.2,2.9,2.3,2.4,2.5,,,,,
1951-12-01,,,,,3.1,2.7,4.2,,3.8,3.0,2.4,2.6,2.8,,,,,
1951-11-01,,,,,3.5,3.1,4.5,,4.7,3.1,2.8,2.6,3.3,,,,,
1951-10-01,,,,,3.5,3.1,4.5,,4.4,3.3,2.6,2.8,3.6,,,,,
1951-09-01,,,,,3.3,2.8,4.6,,4.2,3.2,2.5,3.2,2.7,,,,,
1951-08-01,,,,,3.1,2.8,3.9,,3.5,2.9,2.5,2.8,2.4,,,,,
1951-07-01,,,,,3.1,2.7,4.0,,4.1,2.7,2.3,2.6,2.7,,,,,
1951-06-01,,,,,3.2,2.8,4.3,,4.1,2.7,2.4,2.8,3.1,,,,,
1951-05-01,,,,,3.0,2.5,4.2,,3.7,2.7,2.3,2.7,2.9,,,,,
1951-04-01,,,,,3.1,2.5,4.4,,4.1,2.6,2.2,2.5,3.1,,,,,
1951-03-01,,,,,3.4,2.7,4.9,,4.3,3.1,2.5,2.6,3.1,,,,,
1951-02-01,,,,,3.4,3.0,4.5,,3.9,3.1,2.6,2.6,3.8,,,,,
1951-01-01,,,,,3.7,3.3,4.6,,4.5,3.2,3.0,2.8,3.8,,,,,
1950-12-01,,,,,4.3,3.8,5.2,,5.1,3.8,3.2,3.1,4.2,,,,,
1950-11-01,,,,,4.2,3.7,5.2,,5.7,3.8,3.1,3.3,4.0,,,,,
1950-10-01,,,,,4.2,3.9,4.8,,4.8,3.5,3.0,3.5,4.1,,,,,
1950-09-01,,,,,4.4,4.2,5.1,,7.4,3.7,3.3,3.4,3.8,,,,,
1950-08-01,,,,,4.5,4.3,4.8,,6.4,3.9,3.3,3.5,4.0,,,,,
1950-07-01,,,,,5.0,4.8,5.6,,7.2,4.8,3.6,4.1,4.3,,,,,
1950-06-01,,,,,5.4,5.1,6.1,,7.7,5.0,3.7,4.1,5.5,,,,,
1950-05-01,,,,,5.5,5.4,5.8,,8.1,5.3,4.2,4.1,4.7,,,,,
1950-04-01,,,,,5.8,5.9,5.4,,8.4,5.2,4.3,4.6,5.5,,,,,
1950-03-01,,,,,6.3,6.1,6.7,,8.9,5.7,4.7,5.0,5.3,,,,,
1950-02-01,,,,,6.4,6.2,6.8,,9.9,5.7,4.4,5.3,5.2,,,,,
1950-01-01,,,,,6.5,6.4,6.9,,10.4,6.0,4.1,5.3,5.3,,,,,
1949-12-01,,,,,6.6,6.5,6.8,,9.4,6.1,5.0,4.9,5.5,,,,,
1949-11-01,,,,,6.4,6.5,6.3,,9.9,5.8,5.1,4.8,5.5,,,,,
1949-10-01,,,,,7.9,8.4,6.8,,11.2,8.3,5.8,5.8,5.9,,,,,
1949-09-01,,,,,6.6,6.5,6.8,,10.2,5.7,5.2,4.5,6.3,,,,,
1949-08-01,,,,,6.8,6.8,6.8,,11.1,5.9,5.1,4.7,6.2,,,,,
1949-07-01,,,,,6.7,6.7,6.8,,10.6,6.1,4.9,4.7,6.1,,,,,
1949-06-01,,,,,6.2,6.2,6.2,,9.7,6.1,4.4,4.2,5.3,,,,,
1949-05-01,,,,,6.1,6.1,6.0,,9.7,5.5,4.4,4.3,5.3,,,,,
1949-04-01,,,,,5.3,5.3,5.5,,8.1,4.9,3.9,3.8,4.4,,,,,
1949-03-01,,,,,5.0,5.1,4.6,,7.8,4.1,3.6,3.5,4.3,,,,,
1949-02-01,,,,,4.7,4.6,4.8,,7.5,4.0,3.5,3.5,4.0,,,,,
1949-01-01,,,,,4.3,4.2,4.4,,6.7,3.8,3.0,3.2,3.5,,,,,
1948-12-01,,,,,4.0,3.9,4.2,,6.4,3.3,2.7,3.2,3.9,,,,,
1948-11-01,,,,,3.8,3.7,3.9,,5.4,3.5,2.5,2.7,3.7,,,,,
1948-10-01,,,,,3.7,3.6,4.0,,5.2,3.4,2.5,2.6,3.2,,,,,
1948-09-01,,,,,3.8,3.7,4.1,,5.5,3.4,2.7,3.2,3.2,,,,,
1948-08-01,,,,,3.9,3.6,4.4,,5.7,3.6,2.8,2.7,3.3,,,,,
1948-07-01,,,,,3.6,3.4,4.2,,6.2,2.9,2.5,2.5,2.8,,,,,
1948-06-01,,,,,3.6,3.3,4.3,,6.0,3.0,2.6,2.4,2.8,,,,,
1948-05-01,,,,,3.5,3.5,3.7,,6.6,3.0,2.6,2.4,3.1,,,,,
1948-04-01,,,,,3.9,3.8,4.3,,6.8,3.4,2.9,2.6,3.0,,,,,
1948-03-01,,,,,4.0,3.8,4.4,,7.6,2.9,2.7,2.6,3.0,,,,,
1948-02-01,,,,,3.8,3.6,4.5,,6.3,3.3,2.5,2.8,3.1,,,,,
1948-01-01,,,,,3.4,3.4,3.3,,5.8,3.0,2.0,2.2,2.9,,,,,
