,date,Civilian Unemployment Rate,Unemployment Rate: White,Unemployment Rate: Hispanic or Latino,Unemployment Rate: Black or African American,Unemployment Rate: Asian,Unemployment Rate: Men,Unemployment Rate: Women,Unemployment Rate: 20 to 24 years,Unemployment Rate: 25 to 34 years,Unemployment Rate: 35 to 44 years,Unemployment Rate: 45 to 54 years,Unemployment Rate: 55 years and over,"Unemployment Rate: Less than a High School Diploma, 25 years and over","Unemployment Rate: High School Graduates, No College, 25 years and over","Unemployment Rate: College Graduates: Bachelor's Degree and Higher, 25 years and over","Unemployment Rate - College Graduates - Master's Degree, 25 years and over","Unemployment Rate - College Graduates - Doctoral Degree, 25 years and over"
0,2021-03-01,6.0,5.4,7.9,9.6,5.9,6.2,5.9,10.3,6.7,5.1,4.5,4.5,8.2,6.7,3.7,3.6,1.6
1,2021-02-01,6.2,5.6,8.5,9.9,5.1,6.3,6.1,9.6,6.4,5.7,4.9,5.3,10.1,7.2,3.8,3.6,1.6
2,2021-01-01,6.3,5.7,8.6,9.2,6.8,6.4,6.3,9.7,6.8,5.7,4.9,5.3,9.1,7.1,4.0,3.7,2.3
3,2020-12-01,6.7,6.0,9.3,9.9,5.8,6.7,6.7,11.2,6.6,5.5,5.3,6.0,9.8,7.8,3.8,3.5,1.4
4,2020-11-01,6.7,5.9,8.4,10.3,6.7,6.9,6.4,10.7,7.0,5.6,5.5,5.8,9.2,7.8,4.2,3.5,1.9
5,2020-10-01,6.9,6.0,8.8,10.8,7.5,7.0,6.8,10.9,7.3,5.8,6.0,5.5,9.9,8.1,4.2,3.6,1.9
6,2020-09-01,7.8,7.0,10.3,12.0,8.8,7.7,8.0,12.5,8.6,6.2,6.4,6.6,10.7,9.0,4.7,3.9,2.0
7,2020-08-01,8.4,7.4,10.5,12.8,10.7,8.3,8.6,14.1,9.6,6.4,6.2,7.6,12.6,9.8,5.3,4.9,3.7
8,2020-07-01,10.2,9.2,12.7,14.4,12.2,9.8,10.6,18.1,11.3,8.0,7.8,8.7,15.1,10.8,6.7,6.0,3.6
9,2020-06-01,11.1,10.1,14.5,15.3,13.9,10.5,11.7,19.6,11.7,9.0,8.4,9.6,16.4,12.2,6.9,5.6,4.5
10,2020-05-01,13.3,12.3,17.6,16.7,14.8,12.2,14.5,23.1,13.4,10.1,10.7,11.8,19.6,15.3,7.4,5.6,3.5
11,2020-04-01,14.8,14.1,18.9,16.7,14.3,13.6,16.1,25.6,14.6,11.5,12.3,13.6,21.0,17.3,8.4,6.7,3.2
12,2020-03-01,4.4,3.9,6.0,6.8,4.1,4.4,4.4,8.6,4.2,3.4,3.2,3.3,6.9,4.3,2.5,2.5,1.9
13,2020-02-01,3.5,3.0,4.4,6.0,2.5,3.5,3.4,6.3,3.7,2.7,2.5,2.6,5.8,3.5,1.9,1.7,1.2
14,2020-01-01,3.5,3.0,4.3,6.1,3.2,3.5,3.5,6.6,3.8,2.7,2.4,2.6,5.7,3.7,2.0,2.0,0.9
15,2019-12-01,3.6,3.1,4.3,6.2,2.4,3.5,3.6,6.6,3.7,2.8,2.5,2.4,5.3,3.7,1.9,1.8,1.1
16,2019-11-01,3.6,3.3,4.3,5.7,2.6,3.6,3.6,6.7,3.7,2.8,2.6,2.7,5.4,3.8,2.0,2.1,1.1
17,2019-10-01,3.6,3.3,4.2,5.6,2.8,3.7,3.5,6.4,3.8,2.7,2.6,2.7,5.7,3.8,2.1,2.0,0.6
18,2019-09-01,3.5,3.2,4.0,5.4,2.4,3.6,3.3,6.4,3.5,2.6,2.8,2.4,5.0,3.6,2.0,1.8,0.9
19,2019-08-01,3.7,3.4,4.2,5.2,2.9,3.7,3.6,7.1,3.6,2.8,2.8,2.6,5.4,3.6,2.1,2.5,1.6
20,2019-07-01,3.6,3.3,4.4,5.6,3.0,3.7,3.6,6.5,3.7,2.7,2.6,2.6,5.0,3.6,2.2,2.9,0.9
21,2019-06-01,3.6,3.3,4.3,6.0,2.3,3.6,3.6,5.9,3.5,2.8,2.8,3.0,5.3,4.0,2.1,2.4,1.2
22,2019-05-01,3.7,3.3,4.1,6.1,2.3,3.7,3.6,6.9,3.5,2.7,2.6,2.8,5.2,3.6,2.2,1.7,1.0
23,2019-04-01,3.7,3.2,4.1,6.6,2.1,3.9,3.5,6.6,3.9,2.7,2.6,2.6,5.3,3.5,2.1,1.5,0.9
24,2019-03-01,3.8,3.3,4.5,6.5,3.0,3.9,3.7,7.1,3.9,2.8,2.8,2.6,5.8,3.6,2.0,1.8,1.1
25,2019-02-01,3.8,3.2,4.3,7.0,3.2,3.8,3.8,7.1,4.0,2.6,2.8,2.7,5.4,3.6,2.2,1.8,1.4
26,2019-01-01,4.0,3.5,4.8,6.9,3.2,4.0,3.9,7.5,3.9,2.9,2.9,3.2,5.8,3.6,2.4,2.2,1.3
27,2018-12-01,3.9,3.4,4.5,6.8,3.1,4.0,3.8,7.4,4.0,2.8,2.9,3.0,5.9,3.8,2.2,2.1,1.3
28,2018-11-01,3.8,3.4,4.6,6.2,2.7,3.7,3.8,6.9,3.8,3.0,2.7,2.9,5.7,3.6,2.2,2.0,0.9
29,2018-10-01,3.8,3.3,4.4,6.4,3.1,3.8,3.7,7.0,3.7,3.0,2.8,2.9,6.0,4.1,2.0,1.9,1.0
30,2018-09-01,3.7,3.3,4.6,6.2,3.5,3.8,3.6,7.0,3.6,2.9,2.7,2.8,5.8,3.8,2.0,1.9,1.6
31,2018-08-01,3.8,3.4,4.7,6.2,3.0,3.9,3.8,6.8,4.1,2.9,2.5,3.0,5.6,3.9,2.0,2.9,1.8
32,2018-07-01,3.8,3.3,4.5,6.4,3.3,3.8,3.8,6.7,3.5,2.9,2.8,3.0,5.0,4.1,2.2,3.0,1.6
33,2018-06-01,4.0,3.5,4.6,6.5,3.4,4.1,3.9,7.3,3.9,3.1,3.1,3.1,5.5,4.2,2.3,2.6,1.9
34,2018-05-01,3.8,3.5,4.8,5.8,2.0,4.0,3.7,6.9,3.9,2.9,2.8,2.8,5.3,4.0,2.1,1.7,1.6
35,2018-04-01,4.0,3.6,4.8,6.5,2.7,4.2,3.9,6.9,4.3,3.0,2.9,3.0,5.8,4.3,2.1,1.6,1.5
36,2018-03-01,4.0,3.5,4.9,6.6,3.0,4.0,4.0,6.5,4.0,3.2,2.8,3.1,5.4,4.2,2.2,1.8,2.2
37,2018-02-01,4.1,3.6,4.9,6.8,3.0,4.0,4.1,6.8,4.2,3.1,2.9,3.2,5.7,4.3,2.2,2.2,2.0
38,2018-01-01,4.0,3.5,4.9,7.5,3.1,4.1,4.0,7.1,4.2,3.0,2.9,3.0,5.5,4.4,2.1,2.3,1.5
39,2017-12-01,4.1,3.7,5.0,6.9,2.4,4.1,4.1,7.3,4.5,3.0,2.7,3.3,6.3,4.2,2.2,1.8,1.6
40,2017-11-01,4.2,3.7,4.9,7.5,3.0,4.3,4.1,7.5,4.4,3.2,2.8,3.2,5.2,4.4,2.1,1.8,1.4
41,2017-10-01,4.1,3.6,5.0,7.6,2.9,4.3,4.0,7.4,4.5,3.1,2.8,3.1,6.0,4.3,2.1,1.7,1.8
42,2017-09-01,4.2,3.7,5.1,7.2,3.5,4.3,4.2,7.6,4.4,3.2,3.1,3.2,6.9,4.4,2.3,2.0,1.5
43,2017-08-01,4.4,3.9,5.1,7.5,4.0,4.5,4.3,7.1,4.8,3.4,3.5,3.1,6.1,5.1,2.4,2.9,2.4
44,2017-07-01,4.3,3.7,5.1,7.2,4.0,4.3,4.1,7.2,4.6,3.4,3.1,3.1,7.1,4.5,2.3,2.8,1.7
45,2017-06-01,4.3,3.8,5.0,7.1,3.8,4.3,4.3,7.2,4.4,3.3,3.6,3.1,6.5,4.6,2.3,2.8,0.9
46,2017-05-01,4.4,3.8,5.2,7.6,3.5,4.3,4.5,6.5,4.9,3.4,3.3,3.2,6.2,4.8,2.4,2.1,0.7
47,2017-04-01,4.5,3.9,5.2,7.8,3.1,4.5,4.5,7.5,4.4,3.7,3.5,3.2,6.4,4.6,2.5,2.0,0.8
48,2017-03-01,4.4,3.9,5.0,7.9,3.2,4.5,4.3,7.3,4.5,3.9,3.1,3.3,6.5,4.8,2.4,2.2,1.4
49,2017-02-01,4.6,4.0,5.6,8.0,3.5,4.6,4.6,8.0,4.7,4.1,3.2,3.4,7.7,4.8,2.4,1.9,2.1
50,2017-01-01,4.7,4.2,5.8,7.4,3.8,4.7,4.7,7.9,4.9,3.9,3.2,3.5,7.4,5.2,2.5,2.4,1.2
51,2016-12-01,4.7,4.2,5.8,8.0,2.6,4.8,4.6,8.2,4.7,4.0,3.3,3.6,7.5,5.1,2.5,2.1,1.9
52,2016-11-01,4.7,4.2,5.6,8.2,3.0,4.9,4.6,8.3,4.9,3.6,3.5,3.6,7.9,5.0,2.4,1.9,1.2
53,2016-10-01,4.9,4.4,5.7,8.5,3.3,5.0,4.7,8.6,5.1,3.9,3.5,3.7,7.5,5.5,2.6,2.1,2.0
54,2016-09-01,5.0,4.4,6.2,8.5,3.8,5.1,4.8,8.2,5.2,4.2,3.6,3.6,8.7,5.2,2.5,2.6,1.5
55,2016-08-01,4.9,4.4,5.6,8.0,4.2,5.0,4.8,8.1,5.1,4.0,3.6,3.5,7.4,5.0,2.6,3.0,2.1
56,2016-07-01,4.8,4.2,5.4,8.2,4.1,5.0,4.5,8.8,5.0,3.4,3.4,3.6,6.5,5.1,2.4,3.2,2.0
57,2016-06-01,4.9,4.3,6.0,8.7,3.7,4.9,4.8,8.4,5.2,3.8,3.5,3.5,7.6,5.1,2.5,2.6,1.4
58,2016-05-01,4.8,4.2,5.7,8.2,3.9,4.8,4.8,8.3,5.1,3.6,3.5,3.4,7.4,5.1,2.5,1.9,2.1
59,2016-04-01,5.1,4.4,6.2,8.8,3.6,5.1,5.0,9.1,5.2,4.1,3.6,3.7,7.6,5.5,2.5,1.8,1.6
60,2016-03-01,5.0,4.3,5.6,8.9,3.9,4.9,5.1,8.6,5.2,3.8,3.6,3.9,7.3,5.3,2.6,2.5,1.6
61,2016-02-01,4.9,4.2,5.5,8.6,3.9,4.9,4.8,8.6,5.0,3.7,3.5,3.8,7.0,5.1,2.5,2.2,1.0
62,2016-01-01,4.8,4.2,5.9,8.5,3.7,4.8,4.9,7.8,5.0,3.9,3.5,3.7,7.1,5.1,2.5,2.4,1.3
63,2015-12-01,5.0,4.4,6.2,8.5,4.0,5.1,4.9,9.2,5.3,4.0,3.7,3.2,6.4,5.6,2.5,2.3,1.6
64,2015-11-01,5.1,4.4,6.4,9.4,3.9,5.2,5.0,9.7,5.5,4.0,3.4,3.7,6.8,5.4,2.5,2.5,1.4
65,2015-10-01,5.0,4.4,6.3,9.0,3.5,5.1,5.0,9.2,5.3,4.1,3.7,3.5,7.6,5.2,2.5,2.4,1.6
66,2015-09-01,5.0,4.4,6.2,9.3,3.5,5.1,5.0,9.2,5.1,4.0,3.4,3.8,7.9,5.3,2.5,2.2,2.1
67,2015-08-01,5.1,4.4,6.6,9.4,3.4,5.1,5.0,9.1,5.1,3.8,3.7,3.8,7.9,5.5,2.4,2.6,1.4
68,2015-07-01,5.2,4.5,6.9,9.1,4.2,5.2,5.2,9.7,5.5,4.1,3.7,3.7,8.3,5.5,2.5,3.3,1.6
69,2015-06-01,5.3,4.6,6.7,9.7,4.1,5.3,5.1,9.7,5.6,4.0,3.4,3.7,8.2,5.4,2.5,2.6,2.1
70,2015-05-01,5.6,4.8,6.8,10.3,3.9,5.7,5.5,10.3,5.8,4.5,3.9,3.8,8.7,5.8,2.8,2.1,1.6
71,2015-04-01,5.4,4.7,6.8,9.7,4.2,5.5,5.4,9.7,5.8,4.3,3.9,4.0,8.4,5.5,2.7,2.1,2.0
72,2015-03-01,5.4,4.8,6.8,9.9,3.1,5.6,5.3,10.7,5.7,4.1,3.7,3.9,8.6,5.3,2.4,1.9,1.7
73,2015-02-01,5.5,4.7,6.8,10.1,4.1,5.6,5.3,10.0,5.4,4.4,3.9,4.2,8.2,5.4,2.7,2.5,2.0
74,2015-01-01,5.7,4.9,6.7,10.3,4.1,5.8,5.5,9.6,5.9,4.4,4.2,4.1,8.3,5.4,2.8,2.7,1.8
75,2014-12-01,5.6,4.7,6.4,10.6,4.2,5.7,5.4,10.5,5.8,4.3,4.0,3.9,8.6,5.3,2.8,2.5,1.9
76,2014-11-01,5.8,5.0,6.6,10.9,4.8,5.9,5.8,10.8,6.0,4.4,4.2,4.5,8.6,5.7,3.2,2.6,2.2
77,2014-10-01,5.7,4.9,6.8,10.6,5.0,5.6,5.9,10.3,6.1,4.4,4.0,4.1,8.1,5.7,3.0,2.7,1.7
78,2014-09-01,5.9,5.1,6.8,11.0,4.3,5.9,6.0,11.6,6.3,4.4,4.1,3.9,8.5,5.4,2.9,2.7,1.5
79,2014-08-01,6.1,5.3,7.4,11.4,4.5,6.3,6.0,11.0,6.8,4.8,4.1,4.5,9.2,6.1,3.2,3.3,2.5
80,2014-07-01,6.2,5.3,7.7,11.6,4.5,6.2,6.1,11.0,6.5,4.8,4.1,4.5,9.5,6.1,3.1,3.2,1.8
81,2014-06-01,6.1,5.3,7.8,11.0,5.1,6.3,5.8,10.5,6.5,4.7,4.2,4.5,9.2,5.9,3.3,3.0,2.8
82,2014-05-01,6.3,5.4,7.7,11.4,5.3,6.4,6.2,11.1,6.6,5.0,4.5,4.6,9.2,6.5,3.2,2.7,2.3
83,2014-04-01,6.2,5.3,7.2,11.6,5.7,6.4,6.1,10.8,6.7,4.9,4.6,4.7,8.7,6.2,3.3,2.7,1.6
84,2014-03-01,6.7,5.8,7.9,12.1,5.4,6.7,6.6,12.4,6.9,5.2,4.9,4.7,9.4,6.3,3.4,3.0,2.4
85,2014-02-01,6.7,5.8,8.2,11.8,6.0,6.9,6.4,12.0,7.1,5.0,5.1,4.5,9.8,6.4,3.4,2.7,2.4
86,2014-01-01,6.6,5.7,8.3,12.1,4.8,6.8,6.3,11.9,6.8,5.0,5.0,4.5,9.4,6.5,3.3,3.0,1.7
87,2013-12-01,6.7,5.9,8.3,11.9,4.1,6.8,6.6,10.8,6.9,5.4,5.0,5.1,9.8,7.0,3.3,2.8,1.4
88,2013-11-01,6.9,6.1,8.7,12.3,5.3,7.2,6.7,11.6,7.3,5.7,5.5,4.9,10.7,7.2,3.4,3.1,1.4
89,2013-10-01,7.2,6.3,9.1,12.8,5.2,7.5,6.8,12.2,7.1,5.7,5.8,5.5,10.9,7.2,3.7,3.3,2.5
90,2013-09-01,7.2,6.3,8.8,13.0,5.3,7.7,6.7,12.8,7.4,5.6,5.6,5.2,10.5,7.6,3.7,3.1,2.0
91,2013-08-01,7.2,6.4,9.2,12.8,5.1,7.7,6.7,13.2,7.7,5.6,5.4,5.0,11.1,7.4,3.4,3.3,2.5
92,2013-07-01,7.3,6.5,9.4,12.6,5.7,7.7,6.8,12.4,7.5,5.9,5.6,5.0,10.8,7.5,3.8,4.1,3.3
93,2013-06-01,7.5,6.6,9.1,14.2,5.0,7.7,7.3,13.5,7.6,5.9,5.8,5.4,10.7,7.7,3.8,4.1,2.1
94,2013-05-01,7.5,6.7,9.0,13.4,4.3,7.9,7.1,13.3,7.2,6.0,5.9,5.3,11.0,7.3,3.9,3.4,1.9
95,2013-04-01,7.6,6.7,9.0,13.3,5.1,7.8,7.3,13.4,7.5,5.9,5.9,5.5,11.6,7.5,3.9,3.0,1.8
96,2013-03-01,7.5,6.7,9.3,13.0,5.0,7.6,7.5,13.1,7.5,6.1,5.7,5.5,11.1,7.7,3.8,3.2,1.9
97,2013-02-01,7.7,6.8,9.7,13.8,6.1,7.8,7.6,12.9,7.7,6.2,5.6,5.7,11.3,7.9,3.9,3.8,2.5
98,2013-01-01,8.0,7.1,9.7,13.7,6.5,8.2,7.8,14.2,7.7,6.5,6.0,6.0,12.0,8.1,3.8,3.5,2.7
99,2012-12-01,7.9,6.9,9.6,14.0,6.6,7.9,7.9,13.8,7.8,6.6,5.8,5.9,11.8,8.0,4.0,3.4,2.0
100,2012-11-01,7.7,6.8,9.9,13.3,6.4,7.9,7.6,12.9,7.7,6.2,6.0,5.8,12.0,8.0,3.9,3.3,2.1
101,2012-10-01,7.8,6.9,10.0,14.1,4.9,7.9,7.6,13.1,8.1,6.2,6.0,5.9,12.1,8.3,3.7,3.3,2.2
102,2012-09-01,7.8,7.0,9.7,13.6,4.8,8.0,7.6,12.3,8.0,6.3,6.0,5.9,11.7,8.5,4.0,3.3,2.3
103,2012-08-01,8.1,7.2,10.1,13.8,5.9,8.3,7.8,13.9,8.2,6.6,6.3,5.8,11.8,8.6,4.1,4.2,2.8
104,2012-07-01,8.2,7.3,10.2,14.2,6.2,8.3,8.0,13.4,8.1,6.7,6.5,6.2,12.4,8.5,4.1,4.3,2.7
105,2012-06-01,8.2,7.3,10.9,14.5,6.3,8.4,7.9,13.6,8.2,7.0,6.4,6.2,12.6,8.6,4.0,3.5,2.6
106,2012-05-01,8.2,7.4,10.9,13.5,5.2,8.4,7.9,13.0,8.2,6.7,6.3,6.5,12.9,8.3,3.9,2.9,2.5
107,2012-04-01,8.2,7.4,10.3,13.3,5.2,8.3,8.0,13.3,8.2,6.6,6.2,6.3,12.5,8.0,4.0,3.2,2.1
108,2012-03-01,8.2,7.3,10.6,14.0,6.2,8.4,8.0,13.0,8.7,6.4,6.3,6.2,12.8,8.1,4.1,3.5,2.5
109,2012-02-01,8.3,7.4,10.9,14.0,6.3,8.4,8.1,13.8,8.6,6.8,6.5,5.8,13.1,8.3,4.2,3.7,3.1
110,2012-01-01,8.3,7.4,10.7,13.6,6.7,8.4,8.2,13.3,9.0,6.8,6.4,5.9,13.0,8.5,4.3,3.9,3.4
111,2011-12-01,8.5,7.5,11.1,15.4,6.8,8.7,8.3,14.3,9.3,6.8,6.5,6.2,13.7,8.7,4.1,3.6,3.5
112,2011-11-01,8.6,7.7,11.2,15.6,6.5,8.9,8.3,14.3,9.1,7.0,6.6,6.3,12.8,8.8,4.4,3.8,3.2
113,2011-10-01,8.8,7.9,11.3,14.6,7.3,9.2,8.4,13.9,9.5,7.2,6.9,7.0,13.5,9.4,4.3,3.6,3.3
114,2011-09-01,9.0,7.9,11.2,15.9,7.8,9.3,8.7,14.6,9.5,7.5,7.1,6.6,14.3,9.4,4.2,3.6,2.1
115,2011-08-01,9.0,7.9,11.2,16.4,7.1,9.4,8.5,14.5,9.4,7.7,7.0,6.6,14.1,9.3,4.2,3.9,1.9
116,2011-07-01,9.0,8.0,11.2,15.9,7.7,9.5,8.4,14.5,9.6,7.0,7.1,6.8,14.5,9.1,4.2,3.6,2.3
117,2011-06-01,9.1,8.1,11.5,16.2,6.8,9.6,8.5,14.3,9.6,7.7,7.3,6.9,14.4,10.0,4.3,3.7,2.0
118,2011-05-01,9.0,7.9,11.6,16.3,7.0,9.5,8.5,14.8,9.5,7.5,7.2,6.7,14.5,9.6,4.5,3.8,1.7
119,2011-04-01,9.1,8.1,11.9,16.5,6.4,9.6,8.5,14.9,9.8,7.4,7.2,6.5,14.7,9.9,4.5,3.1,2.0
120,2011-03-01,9.0,8.0,11.6,15.8,7.1,9.5,8.4,15.0,9.3,7.2,7.2,6.5,14.1,9.7,4.4,3.6,2.7
121,2011-02-01,9.0,8.1,11.8,15.5,6.8,9.5,8.5,15.3,9.5,7.4,7.1,6.5,14.0,9.7,4.3,3.4,2.6
122,2011-01-01,9.1,8.1,12.3,15.8,6.9,9.7,8.5,15.2,9.3,7.4,7.2,6.7,14.3,9.5,4.3,3.7,2.6
123,2010-12-01,9.3,8.5,12.9,15.5,7.2,10.0,8.5,15.1,9.9,7.7,7.5,6.8,15.0,9.8,4.8,3.5,3.2
124,2010-11-01,9.8,8.9,12.9,16.2,7.6,10.5,9.0,16.1,10.4,7.8,8.1,7.2,15.4,10.0,5.0,3.9,2.5
125,2010-10-01,9.4,8.6,12.3,15.6,7.1,10.1,8.7,15.3,9.6,7.8,7.6,7.1,15.0,9.8,4.6,3.8,2.0
126,2010-09-01,9.5,8.6,12.3,16.0,6.4,10.2,8.6,14.8,9.8,8.3,7.5,7.1,15.6,9.7,4.5,4.4,2.8
127,2010-08-01,9.5,8.6,12.0,15.9,7.2,10.3,8.6,14.7,9.7,7.7,8.0,7.4,14.1,10.0,4.6,4.9,2.3
128,2010-07-01,9.4,8.5,12.2,15.6,8.2,10.3,8.5,15.5,9.8,7.9,7.4,6.8,13.5,10.0,4.5,4.9,1.9
129,2010-06-01,9.4,8.6,12.3,15.2,7.7,10.4,8.3,15.2,10.2,7.8,7.5,6.8,14.2,10.6,4.4,4.0,1.3
130,2010-05-01,9.6,8.7,12.0,15.5,7.5,10.4,8.8,14.7,10.6,7.9,7.6,7.0,14.6,10.9,4.6,3.3,1.5
131,2010-04-01,9.9,9.0,12.5,16.6,6.8,10.9,8.8,17.2,10.3,8.2,7.8,7.0,14.7,10.8,4.8,3.5,1.3
132,2010-03-01,9.9,8.9,12.9,16.8,7.5,10.9,8.7,15.8,10.2,8.6,7.9,6.9,14.9,11.0,4.9,3.9,1.4
133,2010-02-01,9.8,8.9,12.7,16.1,8.4,10.9,8.6,15.8,10.0,8.8,7.6,7.2,15.8,10.7,4.9,4.2,1.2
134,2010-01-01,9.8,8.8,12.9,16.5,8.4,11.0,8.4,15.9,10.0,8.5,7.8,6.9,15.3,10.2,4.9,4.4,1.9
135,2009-12-01,9.9,9.0,12.8,16.1,8.4,10.9,8.7,15.5,10.0,8.7,7.8,7.2,15.0,10.6,4.9,3.9,2.7
136,2009-11-01,9.9,9.2,12.4,15.7,7.3,11.0,8.6,16.0,10.3,8.6,7.6,7.0,14.7,10.3,4.8,4.2,2.0
137,2009-10-01,10.0,9.2,12.8,15.8,7.5,11.1,8.7,15.8,10.6,9.0,7.7,6.9,15.2,11.0,4.7,3.9,2.0
138,2009-09-01,9.8,8.9,12.6,15.3,7.4,10.9,8.5,15.3,10.4,8.6,7.9,6.7,14.9,10.6,5.0,4.2,2.8
139,2009-08-01,9.6,8.9,13.0,14.8,7.5,10.7,8.3,15.2,10.4,8.2,7.6,6.8,15.6,9.7,4.8,4.5,2.2
140,2009-07-01,9.5,8.7,12.5,14.8,8.3,10.5,8.3,15.1,10.1,7.9,7.4,6.8,15.3,9.5,4.8,5.0,3.6
141,2009-06-01,9.5,8.7,12.1,14.8,8.2,10.6,8.3,15.1,10.0,8.1,7.3,7.0,15.6,9.7,4.8,4.1,3.5
142,2009-05-01,9.4,8.5,12.3,15.0,6.7,10.6,8.0,15.0,10.3,8.1,6.9,6.7,15.2,10.0,4.8,3.3,2.7
143,2009-04-01,9.0,8.1,11.4,15.0,6.6,10.1,7.6,14.4,9.8,7.7,6.7,6.5,14.9,9.5,4.4,3.6,1.7
144,2009-03-01,8.7,8.0,11.7,13.7,6.4,9.7,7.6,14.0,9.3,7.3,6.8,6.3,14.0,9.2,4.3,3.6,1.8
145,2009-02-01,8.3,7.6,11.3,13.7,6.9,9.2,7.3,13.2,9.1,6.9,6.4,5.8,13.2,8.5,4.1,3.5,2.0
146,2009-01-01,7.8,7.1,10.1,12.7,6.2,8.6,7.0,12.5,8.3,6.7,6.0,5.4,12.4,8.2,3.9,3.5,2.6
147,2008-12-01,7.3,6.7,9.4,12.1,5.1,8.0,6.5,12.3,7.6,5.9,5.6,5.0,11.1,7.8,3.6,3.4,2.1
148,2008-11-01,6.8,6.2,8.7,11.5,4.8,7.4,6.2,11.2,7.1,5.5,5.1,4.8,10.8,7.0,3.2,3.0,2.4
149,2008-10-01,6.5,5.9,8.8,11.4,3.8,7.1,5.9,10.8,6.7,5.4,4.6,4.5,10.3,6.4,3.1,2.9,2.6
150,2008-09-01,6.1,5.4,8.0,11.3,3.8,6.7,5.5,11.0,6.2,5.1,4.3,4.2,9.8,6.2,2.6,2.4,2.0
151,2008-08-01,6.1,5.4,8.0,10.6,4.4,6.3,5.9,10.7,6.2,5.1,4.3,4.2,9.7,5.8,2.8,2.7,2.3
152,2008-07-01,5.8,5.2,7.5,10.0,4.0,6.2,5.3,10.2,5.7,4.7,3.8,3.7,8.6,5.4,2.5,2.7,2.4
153,2008-06-01,5.6,5.0,7.6,9.4,4.5,5.8,5.3,10.0,5.4,4.4,3.8,3.3,8.7,5.1,2.4,2.5,2.0
154,2008-05-01,5.4,4.8,6.9,9.6,3.8,5.6,5.2,10.2,5.2,4.2,3.8,3.2,8.1,5.0,2.2,2.2,1.7
155,2008-04-01,5.0,4.4,7.1,8.6,3.2,5.2,4.8,8.7,5.1,3.9,3.7,3.0,7.7,5.0,2.1,1.6,1.5
156,2008-03-01,5.1,4.5,6.9,9.2,3.6,5.2,5.0,9.4,5.3,3.8,3.5,3.4,8.4,5.1,2.1,1.6,1.7
157,2008-02-01,4.9,4.4,6.2,8.4,3.0,5.0,4.7,9.0,4.9,3.6,3.4,3.3,7.4,4.7,2.0,1.7,1.8
158,2008-01-01,5.0,4.4,6.3,9.1,3.2,5.2,4.8,8.9,5.1,3.6,3.4,3.3,7.7,4.7,2.1,1.8,1.7
159,2007-12-01,5.0,4.4,6.3,9.0,3.7,5.1,4.9,9.4,4.9,3.8,3.5,3.2,7.7,4.7,2.1,1.6,2.2
160,2007-11-01,4.7,4.2,5.9,8.5,3.6,4.8,4.6,8.3,4.7,3.6,3.3,3.0,7.7,4.5,2.2,1.7,2.5
161,2007-10-01,4.7,4.1,5.7,8.5,3.7,4.8,4.6,8.6,4.7,3.4,3.4,3.1,7.3,4.6,2.1,1.7,1.7
162,2007-09-01,4.7,4.2,5.9,8.0,3.2,4.8,4.5,9.0,4.8,3.3,3.1,3.1,7.6,4.5,2.0,1.9,1.7
163,2007-08-01,4.6,4.2,5.5,7.6,3.4,4.7,4.6,8.4,4.6,3.6,3.1,3.2,6.5,4.4,2.1,2.6,1.4
164,2007-07-01,4.7,4.2,5.9,8.1,3.0,4.7,4.6,8.3,4.6,3.8,3.2,3.2,7.3,4.6,2.1,2.3,1.2
165,2007-06-01,4.6,4.1,5.5,8.5,3.1,4.7,4.4,8.0,4.6,3.3,3.0,3.1,6.7,4.1,2.0,2.0,1.3
166,2007-05-01,4.4,3.9,5.8,8.3,2.9,4.6,4.3,7.2,4.4,3.3,3.1,3.2,6.6,4.4,2.0,1.6,0.5
167,2007-04-01,4.5,4.0,5.6,8.3,3.3,4.6,4.4,7.8,4.4,3.4,3.1,3.1,7.1,4.1,1.9,1.3,0.9
168,2007-03-01,4.4,3.8,5.0,8.4,3.0,4.5,4.3,7.7,4.3,3.2,3.1,3.1,6.9,4.0,1.8,1.8,0.6
169,2007-02-01,4.5,4.1,5.1,8.0,2.7,4.7,4.3,7.6,4.9,3.3,3.2,3.1,7.3,4.3,1.9,1.7,1.3
170,2007-01-01,4.6,4.2,5.5,7.9,3.2,4.7,4.5,8.1,4.9,3.4,3.0,3.3,6.9,4.3,2.1,1.7,1.3
171,2006-12-01,4.4,3.9,5.0,8.3,2.4,4.5,4.4,7.8,4.3,3.7,2.9,3.0,6.7,4.3,1.8,1.5,1.1
172,2006-11-01,4.5,4.0,5.1,8.5,3.2,4.5,4.5,8.5,4.4,3.5,2.8,3.0,6.6,4.3,1.8,1.6,1.4
173,2006-10-01,4.4,3.9,4.8,8.4,2.7,4.4,4.4,8.4,4.6,2.9,2.7,3.0,5.8,4.1,1.9,1.7,1.2
174,2006-09-01,4.5,3.9,5.5,9.0,2.8,4.4,4.7,7.9,4.5,3.5,3.0,2.9,6.4,4.1,2.1,2.1,1.2
175,2006-08-01,4.7,4.1,5.3,8.8,2.9,4.7,4.6,8.2,4.4,3.8,3.3,2.9,6.8,4.6,1.8,2.0,1.4
176,2006-07-01,4.7,4.1,5.2,9.5,2.7,4.7,4.7,8.4,4.8,3.6,3.2,3.1,7.1,4.5,2.0,2.3,1.3
177,2006-06-01,4.6,4.1,5.2,8.9,3.5,4.6,4.6,7.8,4.6,3.5,3.2,3.0,7.1,4.1,2.1,1.6,1.7
178,2006-05-01,4.6,4.1,5.0,8.7,3.0,4.7,4.5,8.1,4.8,3.5,3.3,3.0,7.0,4.3,2.1,1.6,1.3
179,2006-04-01,4.7,4.1,5.5,9.4,3.6,4.7,4.7,8.2,4.9,3.8,3.2,3.0,6.9,4.4,2.2,1.7,1.2
180,2006-03-01,4.7,4.0,5.2,9.5,3.4,4.7,4.7,7.8,4.8,3.8,3.2,2.6,6.9,4.1,2.2,1.6,1.5
181,2006-02-01,4.8,4.1,5.4,9.5,3.2,4.8,4.8,8.6,5.2,3.6,3.2,2.9,7.1,4.4,2.2,1.8,1.4
182,2006-01-01,4.7,4.1,5.5,8.9,3.2,4.6,4.8,8.2,4.6,3.7,3.2,3.1,7.0,4.4,2.1,1.5,1.8
183,2005-12-01,4.9,4.2,6.1,9.2,3.8,4.8,4.9,8.4,5.1,3.8,3.4,3.2,7.4,4.5,2.1,1.7,1.7
184,2005-11-01,5.0,4.3,6.1,10.6,3.6,5.0,5.1,8.3,5.1,3.9,3.6,3.2,7.4,4.8,2.3,1.6,1.5
185,2005-10-01,5.0,4.4,6.0,9.1,3.1,4.8,5.1,8.3,4.8,3.9,3.6,3.2,7.3,4.8,2.3,2.1,0.9
186,2005-09-01,5.0,4.4,6.4,9.4,4.1,5.0,5.1,8.6,5.3,3.7,3.6,3.6,8.2,4.9,2.3,2.2,1.6
187,2005-08-01,4.9,4.2,5.8,9.7,3.6,4.9,4.9,8.7,5.0,3.7,3.2,3.2,7.5,4.7,2.1,2.6,0.9
188,2005-07-01,5.0,4.2,5.5,9.2,5.2,4.9,5.1,8.2,5.1,3.7,3.6,3.4,7.5,4.8,2.3,2.8,1.3
189,2005-06-01,5.0,4.3,5.7,10.2,4.0,5.0,5.1,8.7,5.2,3.8,3.4,3.1,6.9,4.8,2.3,2.1,2.5
190,2005-05-01,5.1,4.4,6.0,10.1,3.9,5.0,5.2,8.8,5.1,3.9,3.5,3.3,7.8,4.5,2.4,1.7,2.0
191,2005-04-01,5.2,4.4,6.4,10.3,3.9,5.1,5.2,8.9,5.2,3.8,3.3,3.5,8.2,4.4,2.4,2.0,2.2
192,2005-03-01,5.2,4.5,5.8,10.5,3.9,5.3,5.1,9.2,5.3,3.8,3.4,3.5,7.8,4.7,2.4,2.0,1.4
193,2005-02-01,5.4,4.6,6.3,10.9,4.5,5.5,5.3,10.0,5.2,4.3,3.5,3.6,7.8,4.9,2.4,2.1,2.1
194,2005-01-01,5.3,4.5,6.0,10.6,4.2,5.4,5.1,9.5,5.2,4.1,3.6,3.5,7.7,4.7,2.4,2.1,1.6
195,2004-12-01,5.4,4.5,6.6,10.7,4.1,5.5,5.1,8.8,5.6,4.0,3.8,3.4,8.1,4.8,2.5,1.9,1.8
196,2004-11-01,5.4,4.6,6.7,10.7,4.2,5.5,5.2,9.1,5.5,4.0,3.7,3.7,8.0,4.8,2.5,2.2,1.5
197,2004-10-01,5.5,4.6,6.8,10.8,4.8,5.6,5.3,9.7,5.4,4.1,3.6,3.8,8.4,4.8,2.5,2.1,1.2
198,2004-09-01,5.4,4.6,6.8,10.3,4.3,5.6,5.2,9.4,5.1,4.5,3.6,3.7,8.7,4.7,2.6,2.5,1.8
199,2004-08-01,5.4,4.7,6.8,10.5,3.6,5.6,5.2,9.0,5.4,4.3,3.7,3.7,8.1,4.9,2.7,3.0,2.0
200,2004-07-01,5.5,4.7,6.8,11.0,4.3,5.5,5.5,9.3,5.6,4.3,3.7,3.5,8.2,5.0,2.6,2.9,2.1
201,2004-06-01,5.6,5.0,6.6,10.2,5.0,5.7,5.6,9.7,5.1,4.6,4.0,4.1,8.7,5.2,2.7,2.7,2.2
202,2004-05-01,5.6,4.9,6.9,10.1,4.2,5.8,5.4,9.7,5.6,4.3,3.8,4.0,8.8,5.1,2.9,2.7,1.8
203,2004-04-01,5.6,5.0,7.1,9.8,4.4,5.7,5.4,9.3,5.5,4.4,4.0,3.8,8.6,5.3,2.9,2.3,2.1
204,2004-03-01,5.8,5.1,7.6,10.3,4.2,5.8,5.8,9.8,5.8,4.8,4.1,3.7,8.8,5.3,2.9,2.4,2.2
205,2004-02-01,5.6,4.9,7.4,9.7,4.7,5.6,5.5,9.5,5.7,4.5,3.9,3.8,8.6,5.0,2.9,2.9,1.6
206,2004-01-01,5.7,5.0,7.3,10.4,5.2,5.7,5.7,9.7,5.8,4.5,4.0,3.7,9.1,4.9,2.9,2.7,1.9
207,2003-12-01,5.7,5.0,6.7,10.1,5.3,5.8,5.6,9.5,5.9,4.7,3.9,3.9,7.9,5.4,3.0,2.6,1.4
208,2003-11-01,5.8,5.2,7.4,10.2,5.2,6.2,5.4,10.3,6.0,4.8,4.0,3.9,8.7,5.3,3.1,2.6,2.3
209,2003-10-01,6.0,5.1,7.5,11.4,6.1,6.2,5.7,9.8,6.3,5.0,4.1,3.8,9.0,5.5,3.1,2.2,3.1
210,2003-09-01,6.1,5.3,7.3,11.1,6.2,6.4,5.8,10.5,6.3,4.8,4.2,4.0,8.6,5.3,3.2,3.2,3.1
211,2003-08-01,6.1,5.4,7.7,10.9,5.9,6.3,5.8,10.3,6.3,5.0,4.2,4.2,9.3,5.4,3.2,3.3,1.9
212,2003-07-01,6.2,5.4,8.0,10.9,6.2,6.6,5.7,10.6,6.1,5.2,4.0,4.1,8.8,5.4,3.1,3.3,2.1
213,2003-06-01,6.3,5.5,8.3,11.5,7.8,6.7,5.9,10.4,6.3,5.3,4.0,4.4,9.4,5.7,3.1,3.6,2.0
214,2003-05-01,6.1,5.4,8.0,10.9,5.1,6.4,5.7,10.4,6.1,5.1,4.1,4.3,9.0,5.6,3.0,3.0,1.8
215,2003-04-01,6.0,5.3,7.6,10.9,5.8,6.4,5.7,10.2,5.9,4.8,4.2,4.2,8.5,5.7,3.0,3.1,1.6
216,2003-03-01,5.9,5.1,7.8,10.3,6.5,6.1,5.7,9.1,5.8,4.8,4.4,3.9,8.6,5.5,3.1,2.5,2.6
217,2003-02-01,5.9,5.1,7.7,10.7,6.0,6.1,5.6,9.5,5.8,5.2,4.0,3.9,8.9,5.4,3.0,2.3,1.6
218,2003-01-01,5.8,5.2,7.9,10.5,5.6,6.2,5.4,9.4,6.0,4.6,3.9,4.1,8.8,5.2,3.0,2.7,1.7
219,2002-12-01,6.0,5.1,7.9,11.3,5.9,6.2,5.7,9.8,6.1,4.7,4.1,4.3,8.9,5.3,2.9,2.8,2.1
220,2002-11-01,5.9,5.1,7.8,10.7,5.6,6.1,5.6,9.6,6.0,4.9,4.0,3.6,9.0,5.2,2.9,2.7,1.3
221,2002-10-01,5.7,5.1,7.9,9.8,5.6,5.8,5.6,10.0,5.7,4.8,3.9,3.9,8.7,4.9,3.0,2.8,1.3
222,2002-09-01,5.7,5.1,7.4,9.7,5.4,5.9,5.5,9.4,5.7,4.6,3.9,3.8,7.8,5.0,2.9,3.4,1.7
223,2002-08-01,5.7,5.1,7.5,9.8,6.5,5.9,5.5,9.5,5.8,4.4,4.0,3.9,8.4,5.2,2.8,3.8,1.4
224,2002-07-01,5.8,5.2,7.4,9.8,6.2,5.9,5.7,9.7,5.8,4.6,4.2,3.7,8.6,5.1,3.0,3.7,1.6
225,2002-06-01,5.8,5.1,7.4,10.5,6.9,6.0,5.6,9.3,5.9,4.3,4.4,3.9,7.8,5.4,3.0,3.2,1.2
226,2002-05-01,5.8,5.1,7.1,10.2,5.9,5.8,5.7,9.0,5.9,4.7,4.3,3.9,8.3,5.5,2.9,2.6,2.0
227,2002-04-01,5.9,5.2,8.0,10.7,5.9,6.0,5.9,10.0,6.1,4.7,4.0,4.0,9.1,5.5,2.9,2.4,1.6
228,2002-03-01,5.7,5.0,7.5,10.5,5.6,5.9,5.6,10.3,5.8,4.5,3.9,3.6,8.1,5.4,2.8,2.0,1.6
229,2002-02-01,5.7,5.0,7.0,9.9,5.6,5.8,5.5,9.7,5.8,4.4,3.9,3.9,8.3,5.3,2.9,2.5,1.9
230,2002-01-01,5.7,5.1,7.8,10.0,5.6,5.8,5.5,9.8,5.8,4.6,3.8,3.6,8.2,5.3,2.9,2.6,1.6
231,2001-12-01,5.7,5.1,7.7,10.1,5.2,5.8,5.7,9.7,5.9,4.4,3.7,3.9,8.3,4.9,3.0,2.2,1.6
232,2001-11-01,5.5,4.9,7.3,9.8,5.4,5.7,5.4,9.3,5.7,4.5,3.6,3.5,8.0,5.0,2.9,2.6,1.3
233,2001-10-01,5.3,4.7,7.1,9.5,5.3,5.4,5.2,9.1,5.2,4.2,3.7,3.5,7.6,4.7,2.6,2.5,1.4
234,2001-09-01,5.0,4.3,6.7,8.9,5.5,4.9,5.0,8.4,4.8,4.0,3.2,3.3,7.7,4.4,2.5,2.5,1.0
235,2001-08-01,4.9,4.3,6.5,9.1,5.7,5.0,4.8,8.9,4.8,3.7,3.3,3.0,7.2,4.4,2.3,2.7,1.9
236,2001-07-01,4.6,4.0,6.2,8.0,4.5,4.6,4.5,7.9,4.3,3.7,3.0,2.9,6.8,4.1,2.2,2.7,1.6
237,2001-06-01,4.5,4.0,6.6,8.3,4.7,4.6,4.4,8.2,4.5,3.5,2.8,2.7,6.9,3.8,2.2,2.1,1.1
238,2001-05-01,4.3,3.8,6.3,7.9,3.6,4.4,4.2,8.1,4.3,3.4,2.8,2.6,6.6,3.9,2.1,1.7,0.9
239,2001-04-01,4.4,3.9,6.4,8.0,3.3,4.5,4.3,8.1,4.3,3.1,2.9,2.7,6.8,3.7,2.1,1.5,0.6
240,2001-03-01,4.3,3.7,6.2,8.3,3.2,4.3,4.2,7.6,4.1,3.2,2.8,2.7,6.8,3.8,2.0,1.7,0.7
241,2001-02-01,4.2,3.7,6.1,7.7,3.3,4.3,4.2,7.4,4.0,3.1,2.8,2.8,7.5,3.7,1.6,1.7,0.3
242,2001-01-01,4.2,3.6,5.8,8.2,3.8,4.2,4.1,7.3,4.1,3.1,2.7,2.7,6.7,3.8,1.6,1.4,0.4
243,2000-12-01,3.9,3.5,5.7,7.4,2.7,4.0,3.8,7.0,3.7,2.9,2.5,2.4,5.9,3.5,1.5,1.3,0.7
244,2000-11-01,3.9,3.5,6.0,7.3,3.3,3.9,4.0,6.8,3.7,2.9,2.4,2.8,6.5,3.5,1.5,1.4,0.9
245,2000-10-01,3.9,3.4,5.1,7.3,3.3,3.9,3.9,6.7,3.7,2.8,2.5,2.7,6.4,3.6,1.6,1.6,0.5
246,2000-09-01,3.9,3.5,5.8,7.3,3.3,3.9,4.0,6.5,3.7,2.9,2.6,2.7,6.2,3.5,1.9,2.1,0.7
247,2000-08-01,4.1,3.6,5.9,7.9,3.8,3.9,4.3,6.6,3.8,3.1,2.7,2.7,6.2,3.7,1.9,2.2,1.3
248,2000-07-01,4.0,3.5,5.8,7.7,4.1,3.9,4.2,7.0,3.9,3.1,2.5,2.5,6.4,3.4,1.7,2.3,0.7
249,2000-06-01,4.0,3.4,5.6,7.8,4.9,3.8,4.1,7.5,3.6,3.1,2.5,2.3,6.3,3.4,1.6,1.6,0.7
250,2000-05-01,4.0,3.5,5.8,7.7,3.5,3.9,4.2,8.0,3.8,3.0,2.4,2.5,6.9,3.4,1.6,1.0,0.8
251,2000-04-01,3.8,3.4,5.5,7.0,3.1,3.7,4.0,7.2,3.5,3.0,2.1,2.3,6.2,3.3,1.5,1.2,0.6
252,2000-03-01,4.0,3.5,6.1,7.4,4.1,3.8,4.3,7.4,3.7,3.2,2.2,2.7,6.6,3.3,1.7,1.7,0.9
253,2000-02-01,4.1,3.6,5.7,8.1,3.4,4.1,4.1,7.6,3.6,3.1,2.4,2.8,6.0,3.4,1.6,1.6,1.4
254,2000-01-01,4.0,3.4,5.6,8.2,4.0,3.9,4.1,7.5,3.6,3.0,2.6,2.7,6.4,3.4,1.8,1.6,1.4
255,1999-12-01,4.0,3.5,5.8,7.8,,4.0,4.1,7.3,3.6,2.8,2.7,2.6,5.8,3.5,1.7,,
256,1999-11-01,4.1,3.5,6.0,8.0,,4.0,4.2,7.6,3.8,2.7,2.6,2.6,6.4,3.2,1.7,,
257,1999-10-01,4.1,3.5,6.4,8.4,,4.1,4.1,7.7,3.9,2.9,2.5,2.6,6.6,3.4,1.7,,
258,1999-09-01,4.2,3.6,6.7,8.5,,4.1,4.4,7.4,3.9,3.1,2.5,2.6,6.9,3.7,1.7,,
259,1999-08-01,4.2,3.7,6.5,7.7,,4.1,4.3,7.4,3.9,3.2,2.5,2.7,7.1,3.5,1.6,,
260,1999-07-01,4.3,3.7,6.5,8.7,,4.2,4.5,7.8,4.1,3.1,2.6,3.0,6.9,3.6,1.8,,
261,1999-06-01,4.3,3.8,6.6,7.7,,4.2,4.4,7.6,4.0,3.3,2.3,3.1,6.8,3.8,2.0,,
262,1999-05-01,4.2,3.7,6.7,7.4,,4.2,4.2,7.4,3.9,3.2,2.5,2.8,6.8,3.5,1.9,,
263,1999-04-01,4.3,3.8,7.0,7.8,,4.1,4.6,7.5,4.1,3.1,2.6,2.9,6.9,3.5,2.0,,
264,1999-03-01,4.2,3.6,5.8,8.0,,3.9,4.4,7.2,4.1,2.9,2.5,2.8,6.1,3.5,1.9,,
265,1999-02-01,4.4,3.8,6.7,8.2,,4.3,4.5,7.7,4.2,3.2,2.8,2.8,7.5,3.5,1.9,,
266,1999-01-01,4.3,3.8,6.7,7.8,,4.2,4.4,7.1,4.1,3.0,2.6,2.8,7.1,3.5,1.8,,
267,1998-12-01,4.4,3.8,7.7,7.7,,4.3,4.4,7.2,4.1,3.3,2.6,2.9,6.9,3.8,1.8,,
268,1998-11-01,4.4,3.8,7.1,8.6,,4.3,4.6,6.8,4.2,3.3,2.7,3.0,7.1,3.9,1.9,,
269,1998-10-01,4.5,3.9,7.2,8.6,,4.4,4.7,7.3,4.7,3.3,2.6,2.7,6.9,4.0,1.9,,
270,1998-09-01,4.6,3.9,7.3,9.1,,4.6,4.6,8.4,4.4,3.2,2.7,2.7,6.9,4.1,1.7,,
271,1998-08-01,4.5,3.9,7.4,8.8,,4.4,4.6,8.4,4.3,3.2,2.7,2.7,7.1,3.9,1.8,,
272,1998-07-01,4.5,3.8,7.3,9.5,,4.6,4.5,8.1,4.4,3.3,2.8,2.8,7.2,4.1,1.7,,
273,1998-06-01,4.5,3.9,7.4,8.8,,4.4,4.6,8.0,4.3,3.4,2.7,2.6,7.2,4.0,1.7,,
274,1998-05-01,4.4,3.8,6.9,8.9,,4.3,4.5,7.6,4.2,3.4,2.6,2.6,7.0,3.7,1.7,,
275,1998-04-01,4.3,3.7,6.7,9.1,,4.1,4.6,7.5,4.1,3.3,2.8,2.6,7.2,3.9,1.7,,
276,1998-03-01,4.7,4.0,6.9,9.2,,4.6,4.8,7.9,4.7,3.5,2.9,2.7,7.1,4.2,1.8,,
277,1998-02-01,4.6,3.9,6.9,9.3,,4.5,4.8,8.4,4.3,3.4,3.1,2.6,7.1,4.0,1.9,,
278,1998-01-01,4.6,4.0,7.1,9.4,,4.5,4.8,9.1,4.2,3.7,2.8,2.7,7.0,4.0,1.9,,
279,1997-12-01,4.7,3.9,7.3,10.0,,4.7,4.8,8.5,4.3,3.8,2.9,2.7,7.5,4.0,1.8,,
280,1997-11-01,4.6,3.9,7.0,9.5,,4.6,4.7,8.5,4.3,3.5,2.7,2.7,7.4,3.8,1.7,,
281,1997-10-01,4.7,4.1,7.8,9.5,,4.7,4.7,8.6,4.4,3.7,2.9,2.9,7.8,4.1,1.9,,
282,1997-09-01,4.9,4.2,7.4,9.5,,4.7,5.0,8.3,4.6,3.7,3.1,3.0,8.0,4.1,2.1,,
283,1997-08-01,4.8,4.2,7.2,9.4,,4.8,4.9,8.1,4.7,3.6,2.9,3.1,7.6,4.2,2.1,,
284,1997-07-01,4.9,4.2,7.9,9.5,,4.8,5.0,7.7,4.7,3.6,3.0,3.0,7.7,4.2,2.1,,
285,1997-06-01,5.0,4.2,7.5,10.8,,5.0,5.0,8.3,4.7,3.7,3.1,3.2,8.2,4.3,2.0,,
286,1997-05-01,4.9,4.1,7.7,10.3,,4.6,5.2,8.2,4.8,3.7,3.0,3.1,8.5,4.2,2.2,,
287,1997-04-01,5.1,4.3,8.2,10.2,,5.1,5.0,9.0,4.8,3.8,3.0,3.0,8.4,4.3,2.0,,
288,1997-03-01,5.2,4.4,8.3,10.5,,5.1,5.2,8.9,4.9,4.0,3.1,3.2,8.3,4.4,2.0,,
289,1997-02-01,5.2,4.5,8.2,10.7,,5.1,5.4,8.6,5.1,4.2,3.2,3.1,8.8,4.6,2.1,,
290,1997-01-01,5.3,4.5,8.4,10.8,,5.3,5.3,9.5,4.9,4.2,3.2,3.1,8.8,4.5,2.1,,
291,1996-12-01,5.4,4.6,7.4,10.5,,5.0,5.7,9.1,5.1,4.1,3.4,3.4,8.3,4.5,2.3,,
292,1996-11-01,5.4,4.6,8.5,10.6,,5.3,5.4,9.1,5.1,4.4,3.2,3.0,8.4,4.6,2.3,,
293,1996-10-01,5.2,4.5,8.0,10.7,,5.1,5.4,8.9,4.9,4.1,3.3,3.2,7.8,4.6,2.2,,
294,1996-09-01,5.2,4.5,8.2,10.6,,5.2,5.2,8.9,4.9,4.2,3.2,3.3,8.2,4.5,2.2,,
295,1996-08-01,5.1,4.4,8.8,10.6,,5.0,5.3,8.5,4.9,4.0,3.1,3.2,8.5,4.4,2.1,,
296,1996-07-01,5.5,4.7,8.8,10.6,,5.5,5.4,9.6,5.3,4.1,3.0,3.7,8.8,4.7,2.2,,
297,1996-06-01,5.3,4.6,8.8,10.4,,5.3,5.3,9.2,5.1,3.9,3.4,3.5,8.6,4.6,2.2,,
298,1996-05-01,5.6,4.9,9.6,10.2,,5.6,5.5,9.6,5.5,4.0,3.6,3.6,9.7,4.8,2.3,,
299,1996-04-01,5.6,4.8,9.6,10.7,,5.6,5.5,9.1,5.4,4.2,3.6,3.3,9.1,4.8,2.3,,
300,1996-03-01,5.5,4.8,9.6,10.6,,5.6,5.3,9.4,5.3,4.1,3.4,3.6,9.2,4.7,2.2,,
301,1996-02-01,5.5,4.8,9.6,10.0,,5.6,5.4,9.6,5.3,4.1,3.4,3.7,8.9,4.7,2.3,,
302,1996-01-01,5.6,4.9,9.4,10.6,,5.6,5.8,10.0,5.5,4.1,3.6,3.6,8.7,4.9,2.4,,
303,1995-12-01,5.6,4.9,9.3,10.2,,5.7,5.5,9.2,5.4,4.2,3.4,3.5,9.2,4.7,2.4,,
304,1995-11-01,5.6,5.0,9.5,9.7,,5.7,5.5,8.8,5.4,4.3,3.5,3.8,9.3,4.8,2.3,,
305,1995-10-01,5.5,4.9,9.4,10.0,,5.4,5.7,9.5,5.0,4.5,3.3,3.5,9.1,4.5,2.4,,
306,1995-09-01,5.6,4.9,9.1,11.1,,5.6,5.7,9.9,5.5,4.2,3.3,3.6,9.1,4.7,2.4,,
307,1995-08-01,5.7,4.9,9.6,11.1,,5.7,5.6,9.8,5.2,4.4,3.4,3.7,9.5,4.5,2.5,,
308,1995-07-01,5.7,4.9,8.8,10.9,,5.6,5.8,9.2,5.3,4.5,3.4,3.8,9.0,4.7,2.5,,
309,1995-06-01,5.6,4.9,9.1,10.7,,5.6,5.7,9.0,5.5,4.4,3.3,3.8,8.7,4.7,2.6,,
310,1995-05-01,5.6,5.0,9.8,10.0,,5.8,5.5,8.7,5.6,4.6,3.2,3.8,8.7,5.0,2.5,,
311,1995-04-01,5.8,5.0,8.9,10.7,,5.6,5.9,8.9,5.7,4.5,3.4,3.8,8.8,5.1,2.7,,
312,1995-03-01,5.4,4.7,8.9,9.7,,5.3,5.5,9.1,5.2,4.1,3.5,3.5,8.0,4.5,2.5,,
313,1995-02-01,5.4,4.7,9.0,10.1,,5.4,5.5,8.5,5.2,4.2,3.4,3.6,8.9,4.7,2.3,,
314,1995-01-01,5.6,4.8,10.2,10.3,,5.6,5.6,8.6,5.8,4.2,3.3,3.9,9.2,5.0,2.4,,
315,1994-12-01,5.5,4.8,9.3,9.9,,5.5,5.5,8.6,5.4,4.1,3.4,3.5,8.5,4.7,2.3,,
316,1994-11-01,5.6,4.8,8.9,10.8,,5.6,5.6,9.2,5.5,4.2,3.8,3.9,9.2,4.8,2.3,,
317,1994-10-01,5.8,5.0,9.5,11.3,,5.8,5.7,9.0,5.7,4.3,3.9,4.0,9.7,4.9,2.4,,
318,1994-09-01,5.9,5.1,10.1,10.6,,5.8,5.9,9.2,5.6,4.8,3.8,3.7,9.6,5.0,2.5,,
319,1994-08-01,6.0,5.2,9.8,11.2,,6.1,6.0,9.9,5.8,4.6,4.0,4.1,9.8,5.4,2.5,,
320,1994-07-01,6.1,5.3,10.1,10.9,,6.3,5.9,9.7,5.8,4.6,4.1,4.1,9.8,5.2,2.7,,
321,1994-06-01,6.1,5.3,10.3,11.3,,6.1,6.1,9.6,5.8,4.6,4.2,4.0,9.7,5.4,2.6,,
322,1994-05-01,6.1,5.2,9.6,11.7,,6.1,6.0,9.6,6.0,4.4,4.1,4.1,9.3,5.3,2.5,,
323,1994-04-01,6.4,5.6,10.8,11.9,,6.4,6.3,10.1,6.5,4.5,3.9,4.2,10.1,5.6,2.5,,
324,1994-03-01,6.5,5.7,9.9,12.4,,6.5,6.5,10.5,6.5,5.0,4.0,4.5,10.5,5.8,2.8,,
325,1994-02-01,6.6,5.7,10.1,12.8,,6.7,6.4,10.2,6.7,5.0,4.4,4.5,10.4,6.1,2.8,,
326,1994-01-01,6.6,5.7,10.5,13.1,,6.8,6.4,10.9,6.5,5.2,4.2,4.5,10.7,5.8,2.9,,
327,1993-12-01,6.5,5.8,10.6,11.7,,6.6,6.4,9.8,6.6,5.3,4.4,4.4,11.0,5.9,2.8,,
328,1993-11-01,6.6,5.7,10.5,12.6,,6.7,6.5,10.0,6.4,5.6,4.2,4.2,10.5,6.0,2.9,,
329,1993-10-01,6.8,6.2,11.4,11.8,,6.9,6.5,10.1,6.7,5.7,4.6,4.5,10.7,6.3,2.9,,
330,1993-09-01,6.7,5.9,10.0,12.5,,7.0,6.4,9.7,6.9,5.3,4.8,4.6,10.7,6.2,2.8,,
331,1993-08-01,6.8,6.0,9.8,12.3,,7.1,6.4,10.3,6.8,5.3,4.8,4.2,10.5,6.1,2.6,,
332,1993-07-01,6.9,6.1,10.7,12.7,,7.2,6.5,10.4,7.0,5.3,4.9,4.3,10.4,6.3,2.8,,
333,1993-06-01,7.0,6.2,10.4,13.4,,7.4,6.7,10.6,7.2,5.5,4.9,4.3,11.2,6.4,2.9,,
334,1993-05-01,7.1,6.2,10.2,13.1,,7.3,6.8,11.4,6.9,5.5,4.9,4.2,10.8,6.4,3.0,,
335,1993-04-01,7.1,6.1,11.0,14.0,,7.4,6.7,10.9,6.9,5.5,5.2,4.2,10.9,6.3,3.2,,
336,1993-03-01,7.0,6.1,11.3,13.7,,7.5,6.5,10.7,7.1,5.4,5.1,4.3,10.9,6.4,3.2,,
337,1993-02-01,7.1,6.2,11.5,13.5,,7.4,6.9,11.3,7.1,5.6,4.9,4.3,11.1,6.3,3.2,,
338,1993-01-01,7.3,6.3,11.3,14.1,,7.4,7.0,11.1,7.2,5.7,5.0,4.4,11.1,6.6,3.1,,
339,1992-12-01,7.4,6.5,11.5,14.3,,7.6,7.2,11.4,7.4,6.1,4.9,4.6,11.3,6.8,3.3,,
340,1992-11-01,7.4,6.5,12.0,14.1,,7.8,7.0,11.2,7.7,5.8,4.9,4.7,11.6,6.7,3.4,,
341,1992-10-01,7.3,6.5,11.8,14.3,,7.8,6.8,11.2,7.8,5.9,4.9,4.9,11.5,6.6,3.3,,
342,1992-09-01,7.6,6.7,11.8,13.9,,8.0,7.2,11.3,7.8,5.9,5.1,4.8,11.7,6.7,3.2,,
343,1992-08-01,7.6,6.7,11.7,14.2,,8.0,7.2,11.3,7.8,5.9,5.2,5.0,11.8,7.3,3.0,,
344,1992-07-01,7.7,6.7,11.7,14.4,,8.0,7.3,11.5,7.6,5.9,5.3,5.3,11.9,6.6,3.1,,
345,1992-06-01,7.8,6.9,12.1,14.6,,8.3,7.3,11.4,7.9,5.9,5.2,5.3,11.9,6.8,3.2,,
346,1992-05-01,7.6,6.6,11.7,14.7,,8.1,7.1,11.6,7.7,5.8,5.4,4.9,12.2,6.9,3.2,,
347,1992-04-01,7.4,6.5,11.0,14.1,,7.7,6.9,11.2,7.6,5.6,5.2,4.8,10.8,6.9,3.2,,
348,1992-03-01,7.4,6.5,11.2,14.1,,7.9,6.9,11.1,7.6,5.7,5.3,4.5,11.2,6.9,2.9,,
349,1992-02-01,7.4,6.5,11.3,14.2,,7.9,6.9,11.3,7.4,5.9,5.3,4.4,11.0,7.0,3.2,,
350,1992-01-01,7.3,6.4,11.0,13.5,,7.8,6.7,11.3,7.4,5.5,5.1,4.4,10.8,6.8,3.1,,
351,1991-12-01,7.3,6.5,10.2,12.9,,7.6,6.9,11.8,7.3,5.3,4.8,4.4,,,,,
352,1991-11-01,7.0,6.3,10.4,12.5,,7.4,6.7,11.3,7.2,5.3,4.8,4.2,,,,,
353,1991-10-01,7.0,6.2,10.7,13.3,,7.3,6.6,11.4,7.2,5.2,4.8,3.7,,,,,
354,1991-09-01,6.9,6.2,10.9,12.3,,7.3,6.4,10.8,7.1,5.2,4.7,3.8,,,,,
355,1991-08-01,6.9,6.2,10.5,12.4,,7.2,6.5,10.8,7.0,5.3,4.6,3.9,,,,,
356,1991-07-01,6.8,6.2,9.6,11.9,,7.2,6.3,11.1,6.7,5.0,4.5,3.9,,,,,
357,1991-06-01,6.9,6.2,10.1,12.5,,7.2,6.5,11.1,6.9,5.2,4.4,4.2,,,,,
358,1991-05-01,6.9,6.1,10.0,12.8,,7.2,6.6,11.0,6.9,5.4,4.5,4.0,,,,,
359,1991-04-01,6.7,5.9,9.8,12.7,,7.1,6.2,10.2,6.8,5.3,4.3,3.8,,,,,
360,1991-03-01,6.8,6.0,9.8,12.5,,7.2,6.3,10.5,6.9,5.2,4.6,4.0,,,,,
361,1991-02-01,6.6,5.8,9.2,12.2,,6.9,6.1,10.4,6.6,5.0,4.5,3.8,,,,,
362,1991-01-01,6.4,5.6,9.1,11.9,,6.5,6.2,9.6,6.3,4.8,4.2,3.5,,,,,
363,1990-12-01,6.3,5.4,9.9,12.4,,6.5,5.9,9.2,6.2,4.8,4.4,3.5,,,,,
364,1990-11-01,6.2,5.3,8.9,12.4,,6.4,5.9,9.4,6.1,4.8,4.3,3.5,,,,,
365,1990-10-01,5.9,5.1,8.5,12.1,,6.1,5.7,9.4,5.8,4.5,3.8,3.6,,,,,
366,1990-09-01,5.9,5.0,8.3,12.1,,5.9,5.8,9.2,5.8,4.5,3.5,3.3,,,,,
367,1990-08-01,5.7,4.9,8.3,11.7,,5.8,5.6,9.0,5.7,4.2,3.5,3.2,,,,,
368,1990-07-01,5.5,4.7,8.0,11.4,,5.6,5.4,8.5,5.6,4.2,3.3,3.1,,,,,
369,1990-06-01,5.2,4.5,7.7,10.5,,5.3,5.2,8.3,5.2,4.0,3.3,2.8,,,,,
370,1990-05-01,5.4,4.6,7.9,10.6,,5.3,5.4,8.6,5.4,3.8,3.3,3.0,,,,,
371,1990-04-01,5.4,4.7,8.5,10.7,,5.4,5.4,9.2,5.3,3.8,3.4,3.2,,,,,
372,1990-03-01,5.2,4.5,7.4,10.9,,5.2,5.3,8.6,5.2,3.7,3.2,3.2,,,,,
373,1990-02-01,5.3,4.6,7.5,11.0,,5.2,5.4,8.4,5.3,3.7,3.2,3.3,,,,,
374,1990-01-01,5.4,4.6,7.3,11.1,,5.4,5.3,8.6,5.1,3.8,3.5,3.4,,,,,
375,1989-12-01,5.4,4.6,8.3,11.6,,5.3,5.4,8.8,5.2,3.9,3.3,3.4,,,,,
376,1989-11-01,5.4,4.6,7.9,11.7,,5.4,5.4,9.0,5.1,4.0,3.3,3.3,,,,,
377,1989-10-01,5.3,4.5,8.0,11.7,,5.3,5.4,8.7,5.2,3.9,3.3,3.0,,,,,
378,1989-09-01,5.3,4.5,8.1,11.7,,5.4,5.2,8.8,5.3,4.0,2.9,3.0,,,,,
379,1989-08-01,5.2,4.5,8.8,11.1,,5.1,5.4,8.8,4.9,3.8,3.1,3.0,,,,,
380,1989-07-01,5.2,4.5,8.8,11.0,,5.0,5.6,8.7,5.2,3.8,3.1,3.1,,,,,
381,1989-06-01,5.3,4.5,8.2,11.7,,5.1,5.6,8.7,5.2,3.4,3.0,3.3,,,,,
382,1989-05-01,5.2,4.4,7.9,11.2,,5.0,5.4,8.0,5.4,3.6,2.9,3.0,,,,,
383,1989-04-01,5.2,4.5,8.1,11.1,,5.2,5.3,8.4,5.3,3.8,3.3,2.9,,,,,
384,1989-03-01,5.0,4.2,6.6,11.1,,4.9,5.2,8.0,5.0,3.6,3.3,2.7,,,,,
385,1989-02-01,5.2,4.3,7.0,11.9,,5.2,5.1,8.2,5.0,3.8,3.1,3.0,,,,,
386,1989-01-01,5.4,4.6,8.6,11.8,,5.4,5.4,9.2,5.0,3.8,3.5,3.0,,,,,
387,1988-12-01,5.3,4.6,7.6,11.3,,5.3,5.3,8.6,5.1,3.8,3.5,3.1,,,,,
388,1988-11-01,5.3,4.6,7.9,11.0,,5.3,5.3,8.5,5.6,3.8,3.5,2.8,,,,,
389,1988-10-01,5.4,4.7,7.8,11.1,,5.4,5.4,8.5,5.4,3.8,3.3,2.8,,,,,
390,1988-09-01,5.4,4.8,7.4,11.0,,5.3,5.5,8.2,5.5,3.7,3.6,2.9,,,,,
391,1988-08-01,5.6,4.8,8.1,11.4,,5.6,5.6,8.5,5.6,4.0,3.4,3.1,,,,,
392,1988-07-01,5.4,4.7,7.9,11.6,,5.3,5.5,8.6,5.3,3.9,3.5,3.0,,,,,
393,1988-06-01,5.4,4.6,8.8,11.5,,5.4,5.4,8.4,5.5,3.7,3.3,3.0,,,,,
394,1988-05-01,5.6,4.7,8.8,12.3,,5.6,5.6,9.1,5.3,4.2,3.3,3.3,,,,,
395,1988-04-01,5.4,4.6,8.8,12.2,,5.3,5.6,8.7,5.3,3.9,3.4,3.0,,,,,
396,1988-03-01,5.7,4.8,8.4,12.7,,5.7,5.7,9.2,5.5,4.1,3.2,3.1,,,,,
397,1988-02-01,5.7,4.9,8.5,12.4,,5.6,5.9,8.9,5.5,4.3,3.7,3.2,,,,,
398,1988-01-01,5.7,5.0,7.6,12.0,,5.7,5.8,9.0,5.6,4.2,3.5,3.4,,,,,
399,1987-12-01,5.7,4.9,8.1,12.1,,5.7,5.8,8.5,5.8,4.2,3.5,3.1,,,,,
400,1987-11-01,5.8,5.0,8.8,12.1,,5.7,6.0,8.8,5.7,4.1,3.8,3.4,,,,,
401,1987-10-01,6.0,5.2,8.4,12.3,,5.9,6.1,8.8,5.6,4.6,4.1,3.2,,,,,
402,1987-09-01,5.9,5.1,8.3,12.6,,5.8,6.0,9.4,5.6,4.5,3.7,3.4,,,,,
403,1987-08-01,6.0,5.1,7.9,12.6,,6.1,6.0,9.4,5.8,4.4,4.0,3.3,,,,,
404,1987-07-01,6.1,5.2,8.1,12.9,,6.1,6.0,9.7,5.9,4.6,4.0,3.1,,,,,
405,1987-06-01,6.2,5.4,8.5,12.9,,6.3,6.0,10.0,5.9,4.4,4.1,3.2,,,,,
406,1987-05-01,6.3,5.4,8.6,13.6,,6.4,6.2,9.8,6.1,4.4,3.9,3.5,,,,,
407,1987-04-01,6.3,5.4,8.9,12.9,,6.3,6.3,10.1,6.2,4.5,4.0,3.5,,,,,
408,1987-03-01,6.6,5.7,9.3,13.8,,6.5,6.7,10.2,6.4,4.9,4.2,3.5,,,,,
409,1987-02-01,6.6,5.7,9.8,13.8,,6.6,6.6,10.5,6.5,4.7,4.4,3.0,,,,,
410,1987-01-01,6.6,5.7,10.6,14.0,,6.7,6.6,10.6,6.8,4.8,4.0,3.2,,,,,
411,1986-12-01,6.6,5.8,10.5,13.7,,6.7,6.5,10.7,6.7,4.7,4.1,3.4,,,,,
412,1986-11-01,6.9,6.0,9.3,14.3,,6.9,6.9,10.0,7.0,5.1,4.2,3.8,,,,,
413,1986-10-01,7.0,6.0,10.4,14.6,,7.0,6.9,10.6,7.0,5.1,4.3,4.1,,,,,
414,1986-09-01,7.0,6.0,11.1,14.9,,7.1,6.9,11.1,6.9,4.9,4.4,3.9,,,,,
415,1986-08-01,6.9,5.9,10.9,14.8,,6.9,6.9,10.5,6.8,4.9,4.5,3.8,,,,,
416,1986-07-01,7.0,6.1,10.7,14.4,,7.1,7.0,10.7,7.1,5.0,4.5,3.9,,,,,
417,1986-06-01,7.2,6.2,10.6,15.1,,7.1,7.3,10.6,7.0,5.3,4.9,3.8,,,,,
418,1986-05-01,7.2,6.2,10.8,14.6,,7.1,7.3,11.2,7.1,5.2,4.7,3.6,,,,,
419,1986-04-01,7.1,6.1,10.3,14.8,,6.9,7.4,10.8,7.1,5.2,4.5,3.9,,,,,
420,1986-03-01,7.2,6.2,10.7,14.6,,7.0,7.4,10.7,7.0,5.2,4.6,4.2,,,,,
421,1986-02-01,7.2,6.3,11.9,14.4,,7.0,7.4,10.9,7.1,5.3,4.4,4.3,,,,,
422,1986-01-01,6.7,5.7,10.2,14.5,,6.5,6.9,10.4,6.3,4.7,4.6,3.9,,,,,
423,1985-12-01,7.0,6.0,10.5,15.0,,6.8,7.2,10.7,6.7,4.9,4.6,3.9,,,,,
424,1985-11-01,7.0,5.9,10.6,15.6,,6.9,7.2,11.1,6.9,4.9,4.2,3.8,,,,,
425,1985-10-01,7.1,6.1,11.1,15.0,,7.1,7.3,11.1,6.9,4.8,4.6,3.9,,,,,
426,1985-09-01,7.1,6.1,10.4,15.2,,6.9,7.4,10.9,7.1,5.1,4.7,4.0,,,,,
427,1985-08-01,7.1,6.2,10.4,14.3,,6.9,7.3,11.0,7.0,5.1,4.6,4.2,,,,,
428,1985-07-01,7.4,6.4,11.2,15.2,,7.2,7.6,11.1,6.9,5.2,4.8,4.5,,,,,
429,1985-06-01,7.4,6.5,10.7,14.4,,7.2,7.5,11.1,7.1,5.6,4.7,4.4,,,,,
430,1985-05-01,7.2,6.2,10.6,15.2,,6.9,7.6,11.2,7.0,5.2,4.4,4.2,,,,,
431,1985-04-01,7.3,6.3,10.4,15.1,,7.1,7.5,11.0,7.3,5.2,5.2,4.1,,,,,
432,1985-03-01,7.2,6.2,10.5,15.1,,7.0,7.5,11.2,6.9,5.3,5.0,3.9,,,,,
433,1985-02-01,7.2,6.2,9.8,15.8,,7.1,7.4,11.3,7.0,5.2,4.8,4.0,,,,,
434,1985-01-01,7.3,6.3,10.5,15.2,,7.1,7.6,11.0,7.1,5.3,4.9,4.3,,,,,
435,1984-12-01,7.3,6.3,10.4,15.2,,7.2,7.4,11.1,6.9,5.1,5.0,4.1,,,,,
436,1984-11-01,7.2,6.2,10.2,15.0,,7.0,7.4,10.9,6.9,5.0,4.9,4.4,,,,,
437,1984-10-01,7.4,6.3,10.8,15.3,,7.1,7.7,11.1,6.8,5.4,4.8,4.6,,,,,
438,1984-09-01,7.3,6.4,10.5,15.0,,7.3,7.4,11.4,6.6,5.5,4.9,4.3,,,,,
439,1984-08-01,7.5,6.4,10.7,16.0,,7.3,7.8,11.8,7.0,5.6,4.7,4.5,,,,,
440,1984-07-01,7.5,6.3,10.4,16.7,,7.4,7.6,11.2,7.3,5.4,4.9,4.4,,,,,
441,1984-06-01,7.2,6.2,10.3,15.6,,7.1,7.4,10.7,6.9,5.2,4.4,4.6,,,,,
442,1984-05-01,7.4,6.4,10.6,15.7,,7.3,7.6,11.1,7.2,5.3,5.0,4.5,,,,,
443,1984-04-01,7.7,6.7,11.6,16.5,,7.7,7.8,12.1,7.6,5.6,4.8,4.4,,,,,
444,1984-03-01,7.8,6.7,11.5,16.6,,7.7,7.8,11.8,7.8,5.3,4.8,4.3,,,,,
445,1984-02-01,7.8,6.8,10.4,16.2,,7.8,7.8,11.7,7.9,5.4,5.0,4.4,,,,,
446,1984-01-01,8.0,6.9,11.4,17.3,,8.1,7.9,12.5,8.0,5.5,5.1,4.7,,,,,
447,1983-12-01,8.3,7.1,11.6,17.8,,8.3,8.3,12.4,8.3,5.7,5.5,4.9,,,,,
448,1983-11-01,8.5,7.4,12.3,17.5,,8.6,8.2,13.0,8.5,5.9,5.3,4.8,,,,,
449,1983-10-01,8.8,7.7,12.1,18.2,,9.1,8.5,13.6,8.8,6.3,5.6,4.8,,,,,
450,1983-09-01,9.2,8.0,12.9,18.8,,9.5,8.7,13.8,9.3,6.7,5.8,5.0,,,,,
451,1983-08-01,9.5,8.2,13.0,19.7,,9.8,9.0,14.4,9.4,6.7,6.2,5.0,,,,,
452,1983-07-01,9.4,8.2,12.4,19.4,,9.8,9.0,13.8,9.4,7.1,6.0,5.2,,,,,
453,1983-06-01,10.1,8.7,14.3,20.7,,10.1,9.9,14.6,10.1,7.4,6.4,5.5,,,,,
454,1983-05-01,10.1,8.8,14.0,20.3,,10.5,9.5,15.2,10.1,7.6,6.8,5.4,,,,,
455,1983-04-01,10.2,8.9,14.8,20.4,,10.7,9.5,15.4,10.1,7.4,6.8,5.8,,,,,
456,1983-03-01,10.3,9.1,15.6,20.1,,10.7,9.8,15.6,10.7,7.5,6.5,5.4,,,,,
457,1983-02-01,10.4,9.3,15.5,19.9,,10.9,9.9,16.2,10.6,7.8,6.6,5.6,,,,,
458,1983-01-01,10.4,9.1,15.3,21.2,,10.7,10.1,16.0,10.6,7.8,6.5,5.5,,,,,
459,1982-12-01,10.8,9.7,15.7,20.9,,11.2,10.4,16.3,11.0,8.5,6.4,5.7,,,,,
460,1982-11-01,10.8,9.6,15.2,20.2,,11.1,10.2,16.4,10.8,8.1,6.6,5.5,,,,,
461,1982-10-01,10.4,9.2,15.0,20.1,,10.9,9.8,15.8,10.7,7.6,6.4,5.4,,,,,
462,1982-09-01,10.1,9.0,14.4,19.7,,10.6,9.5,15.3,10.6,7.1,6.3,5.1,,,,,
463,1982-08-01,9.8,8.7,14.8,18.9,,10.2,9.4,15.1,9.9,7.0,5.7,5.1,,,,,
464,1982-07-01,9.8,8.7,14.2,18.8,,10.0,9.6,14.8,10.1,6.7,5.8,5.1,,,,,
465,1982-06-01,9.6,8.5,13.8,18.5,,9.8,9.2,14.6,10.0,6.6,5.2,5.1,,,,,
466,1982-05-01,9.4,8.2,13.9,18.5,,9.4,9.3,14.3,9.5,6.6,5.6,4.9,,,,,
467,1982-04-01,9.3,8.3,12.9,18.2,,9.4,9.3,14.6,9.3,6.4,5.3,5.0,,,,,
468,1982-03-01,9.0,8.0,12.2,18.1,,9.1,8.9,14.2,8.9,6.4,5.5,4.7,,,,,
469,1982-02-01,8.9,7.8,12.1,17.7,,8.8,8.9,14.0,8.4,6.2,5.1,4.4,,,,,
470,1982-01-01,8.6,7.6,11.7,17.3,,8.7,8.5,13.5,8.3,6.0,5.0,4.2,,,,,
471,1981-12-01,8.5,7.5,11.7,17.2,,8.5,8.5,13.5,8.4,6.0,4.9,4.1,,,,,
472,1981-11-01,8.3,7.3,11.2,16.8,,8.1,8.4,12.8,8.0,5.7,4.6,3.7,,,,,
473,1981-10-01,7.9,6.9,10.7,16.7,,7.7,8.3,12.6,7.7,5.3,4.4,3.8,,,,,
474,1981-09-01,7.6,6.6,9.6,15.9,,7.2,8.1,12.3,7.2,5.0,4.1,3.8,,,,,
475,1981-08-01,7.4,6.3,10.0,16.3,,7.2,7.7,12.1,7.1,4.6,4.4,3.5,,,,,
476,1981-07-01,7.2,6.3,10.0,15.0,,6.9,7.7,11.6,7.0,4.6,4.2,3.5,,,,,
477,1981-06-01,7.5,6.5,10.3,15.7,,7.3,7.8,12.2,7.0,4.8,4.2,3.3,,,,,
478,1981-05-01,7.5,6.6,10.0,14.8,,7.3,7.8,12.8,7.3,4.5,3.9,3.4,,,,,
479,1981-04-01,7.2,6.4,9.5,14.7,,6.9,7.6,11.9,6.7,5.0,3.6,3.3,,,,,
480,1981-03-01,7.4,6.5,10.2,15.1,,7.1,7.7,11.7,6.9,5.0,4.0,3.7,,,,,
481,1981-02-01,7.4,6.6,11.3,14.7,,7.3,7.7,11.8,7.0,4.9,4.1,3.6,,,,,
482,1981-01-01,7.5,6.7,10.6,14.6,,7.2,7.8,11.9,7.2,4.8,4.1,3.5,,,,,
483,1980-12-01,7.2,6.3,10.3,15.0,,6.9,7.6,11.5,7.1,4.7,4.1,3.5,,,,,
484,1980-11-01,7.5,6.5,9.9,15.1,,7.3,7.6,12.1,7.1,4.5,4.5,3.4,,,,,
485,1980-10-01,7.5,6.6,10.6,15.1,,7.4,7.7,12.3,7.5,4.8,4.2,3.3,,,,,
486,1980-09-01,7.5,6.6,11.4,14.8,,7.6,7.3,12.2,7.6,4.8,4.2,3.5,,,,,
487,1980-08-01,7.7,6.9,10.8,14.6,,7.7,7.8,12.2,7.6,5.3,4.5,3.4,,,,,
488,1980-07-01,7.8,6.9,10.8,15.3,,7.8,7.8,12.4,7.6,5.2,4.4,3.4,,,,,
489,1980-06-01,7.6,6.7,10.1,14.6,,7.6,7.6,12.2,7.4,4.8,4.2,3.3,,,,,
490,1980-05-01,7.5,6.6,10.1,14.4,,7.4,7.5,12.4,7.2,4.8,3.9,3.4,,,,,
491,1980-04-01,6.9,6.1,10.4,13.8,,6.7,7.2,11.2,7.0,4.4,3.8,3.3,,,,,
492,1980-03-01,6.3,5.6,9.2,12.9,,5.9,6.9,10.0,6.2,4.1,3.6,2.9,,,,,
493,1980-02-01,6.3,5.5,8.9,12.9,,5.8,7.0,10.0,5.8,4.1,3.4,2.9,,,,,
494,1980-01-01,6.3,5.5,8.7,13.0,,5.8,6.9,10.2,5.6,3.9,3.4,3.4,,,,,
495,1979-12-01,6.0,5.2,9.1,12.2,,5.3,6.8,10.0,5.2,3.7,3.1,2.8,,,,,
496,1979-11-01,5.9,5.2,9.2,11.9,,5.3,6.7,9.0,5.4,3.7,3.2,2.9,,,,,
497,1979-10-01,6.0,5.2,8.7,12.3,,5.3,6.9,9.5,5.1,3.7,3.3,3.1,,,,,
498,1979-09-01,5.9,5.2,7.6,11.7,,5.2,6.7,9.4,4.9,3.8,3.2,2.9,,,,,
499,1979-08-01,6.0,5.3,8.7,12.4,,5.2,7.1,9.6,5.3,3.8,3.1,3.1,,,,,
500,1979-07-01,5.7,4.9,8.1,12.1,,5.1,6.6,9.1,5.0,3.3,3.1,3.1,,,,,
501,1979-06-01,5.7,4.9,8.4,12.2,,4.9,6.8,8.9,5.0,3.4,3.1,2.9,,,,,
502,1979-05-01,5.6,4.8,7.9,12.4,,4.8,6.7,8.9,4.9,3.4,3.0,3.1,,,,,
503,1979-04-01,5.8,5.0,8.2,12.9,,5.1,6.8,8.7,5.1,3.5,3.5,3.0,,,,,
504,1979-03-01,5.8,5.1,7.9,12.5,,5.1,6.8,9.0,5.3,3.4,3.3,3.2,,,,,
505,1979-02-01,5.9,5.1,7.7,13.1,,5.2,6.9,9.0,5.4,3.5,3.3,3.1,,,,,
506,1979-01-01,5.9,5.1,8.2,12.4,,5.1,6.9,8.8,5.4,3.7,3.1,2.9,,,,,
507,1978-12-01,6.0,5.2,8.7,12.4,,5.3,7.0,9.2,5.4,3.7,3.2,3.0,,,,,
508,1978-11-01,5.9,5.0,8.4,12.7,,5.0,7.0,9.2,5.2,3.5,3.0,3.0,,,,,
509,1978-10-01,5.8,5.0,8.5,11.8,,5.1,6.7,8.7,5.1,3.6,3.3,3.1,,,,,
510,1978-09-01,6.0,5.2,8.9,11.9,,5.1,7.2,9.4,5.2,3.5,3.4,3.3,,,,,
511,1978-08-01,5.9,5.1,9.1,12.3,,5.0,7.2,9.2,5.4,3.7,3.2,2.9,,,,,
512,1978-07-01,6.2,5.3,9.5,13.0,,5.1,7.6,9.9,5.3,3.7,3.4,3.1,,,,,
513,1978-06-01,5.9,5.0,9.1,12.8,,4.9,7.2,9.4,5.0,3.7,3.3,3.1,,,,,
514,1978-05-01,6.0,5.2,9.6,13.0,,5.2,7.2,9.2,5.4,4.0,3.4,3.2,,,,,
515,1978-04-01,6.1,5.3,8.5,12.9,,5.3,7.1,10.1,5.4,3.5,3.0,3.2,,,,,
516,1978-03-01,6.3,5.4,9.5,13.1,,5.6,7.2,10.3,5.5,3.8,3.2,3.2,,,,,
517,1978-02-01,6.3,5.5,9.9,13.1,,5.6,7.2,10.3,5.3,3.7,3.3,3.3,,,,,
518,1978-01-01,6.4,5.5,9.3,13.9,,5.6,7.6,10.6,5.7,3.9,3.4,3.5,,,,,
519,1977-12-01,6.4,5.5,8.8,13.6,,5.5,7.5,10.1,5.9,3.8,3.5,3.9,,,,,
520,1977-11-01,6.8,5.8,9.3,14.7,,5.8,8.1,10.5,6.1,4.3,3.5,4.0,,,,,
521,1977-10-01,6.8,5.9,9.4,14.5,,6.0,7.9,10.4,6.4,4.2,3.6,4.2,,,,,
522,1977-09-01,6.8,6.0,9.7,14.5,,5.8,8.1,10.7,6.2,4.1,3.6,4.0,,,,,
523,1977-08-01,7.0,6.0,9.4,15.1,,6.2,8.1,11.3,6.3,4.3,3.9,3.8,,,,,
524,1977-07-01,6.9,6.0,9.5,13.9,,6.1,8.0,10.7,6.4,4.4,3.6,3.9,,,,,
525,1977-06-01,7.2,6.4,10.1,13.9,,6.4,8.4,10.9,6.5,4.5,4.1,3.9,,,,,
526,1977-05-01,7.0,6.3,9.9,13.5,,6.4,7.9,11.0,6.3,4.4,4.0,4.1,,,,,
527,1977-04-01,7.2,6.4,9.6,12.8,,6.4,8.4,11.0,6.8,4.3,4.1,4.1,,,,,
528,1977-03-01,7.4,6.7,11.2,13.9,,6.6,8.6,11.4,6.8,4.7,4.4,4.3,,,,,
529,1977-02-01,7.6,6.9,11.4,14.2,,7.0,8.6,12.0,6.9,4.8,4.3,4.7,,,,,
530,1977-01-01,7.5,6.8,11.2,13.8,,6.8,8.5,11.4,6.9,4.5,4.5,4.3,,,,,
531,1976-12-01,7.8,7.0,11.7,14.1,,7.2,8.5,12.1,7.2,4.9,4.8,4.2,,,,,
532,1976-11-01,7.8,7.1,11.7,14.0,,7.3,8.7,12.3,7.2,4.8,4.6,4.5,,,,,
533,1976-10-01,7.7,7.0,11.6,13.9,,7.0,8.7,12.4,7.2,4.9,4.4,4.5,,,,,
534,1976-09-01,7.6,7.0,11.8,13.7,,7.0,8.7,11.7,7.3,5.1,4.5,4.7,,,,,
535,1976-08-01,7.8,7.1,12.4,14.3,,6.9,9.0,12.0,7.2,4.9,4.4,4.7,,,,,
536,1976-07-01,7.8,7.1,11.7,13.9,,7.1,8.8,11.5,7.3,5.2,4.8,4.9,,,,,
537,1976-06-01,7.6,6.9,11.1,14.3,,7.1,8.4,11.9,7.1,4.8,4.3,4.8,,,,,
538,1976-05-01,7.4,6.7,10.5,13.2,,6.9,8.1,11.5,6.8,4.5,4.2,4.3,,,,,
539,1976-04-01,7.7,6.9,11.7,13.8,,7.0,8.6,12.0,6.6,4.9,4.3,4.6,,,,,
540,1976-03-01,7.6,6.9,11.0,13.5,,6.9,8.6,11.9,6.7,4.7,4.3,4.7,,,,,
541,1976-02-01,7.7,6.9,10.7,14.4,,7.0,8.8,11.9,7.1,5.0,4.3,4.6,,,,,
542,1976-01-01,7.9,7.2,11.4,14.3,,7.3,8.9,12.7,7.1,5.0,4.5,4.6,,,,,
543,1975-12-01,8.2,7.4,12.1,14.5,,7.6,9.1,12.9,7.3,5.3,5.0,5.0,,,,,
544,1975-11-01,8.3,7.6,12.4,14.6,,7.8,9.0,13.6,7.5,5.6,5.0,4.8,,,,,
545,1975-10-01,8.4,7.7,13.0,14.9,,7.8,9.2,13.7,7.6,5.6,5.5,4.9,,,,,
546,1975-09-01,8.4,7.7,12.7,15.4,,8.0,9.0,13.9,7.8,5.5,5.5,4.6,,,,,
547,1975-08-01,8.4,7.7,12.1,15.2,,7.9,9.2,13.5,7.6,5.6,5.4,4.7,,,,,
548,1975-07-01,8.6,8.0,11.6,14.1,,8.2,9.3,13.9,8.1,5.3,5.5,4.9,,,,,
549,1975-06-01,8.8,8.1,11.7,15.0,,8.3,9.4,13.3,8.5,5.8,5.6,4.9,,,,,
550,1975-05-01,9.0,8.4,14.3,15.1,,8.4,9.8,14.7,8.4,6.0,5.7,5.0,,,,,
551,1975-04-01,8.8,8.0,12.4,15.3,,8.2,9.6,14.4,8.2,6.2,5.2,4.9,,,,,
552,1975-03-01,8.6,7.8,12.1,15.1,,7.9,9.6,13.8,7.9,5.8,5.1,4.6,,,,,
553,1975-02-01,8.1,7.4,11.2,14.4,,7.4,9.1,13.1,7.4,5.4,4.7,4.5,,,,,
554,1975-01-01,8.1,7.4,10.7,14.1,,7.3,9.2,12.2,7.3,5.5,4.9,4.2,,,,,
555,1974-12-01,7.2,6.4,9.1,13.1,,6.4,8.3,11.6,6.4,4.6,4.0,3.8,,,,,
556,1974-11-01,6.6,6.0,8.6,12.4,,5.8,7.9,10.5,5.9,4.1,3.7,3.2,,,,,
557,1974-10-01,6.0,5.4,8.2,11.5,,5.3,7.1,9.3,5.4,3.6,3.1,3.1,,,,,
558,1974-09-01,5.9,5.4,8.1,10.8,,5.0,7.1,9.6,4.8,3.6,3.2,3.1,,,,,
559,1974-08-01,5.5,5.0,8.1,9.9,,4.8,6.5,9.7,4.6,3.3,2.6,3.2,,,,,
560,1974-07-01,5.5,4.9,8.8,10.4,,4.7,6.8,9.0,4.6,3.1,2.6,2.8,,,,,
561,1974-06-01,5.4,4.8,8.6,10.1,,4.6,6.5,8.7,4.3,3.2,2.6,2.7,,,,,
562,1974-05-01,5.1,4.6,7.3,9.7,,4.4,6.3,8.6,4.2,3.1,2.5,2.7,,,,,
563,1974-04-01,5.1,4.5,7.0,9.5,,4.5,6.0,8.0,4.7,3.1,2.6,2.6,,,,,
564,1974-03-01,5.1,4.5,7.6,9.8,,4.4,6.1,8.0,4.4,2.8,2.7,2.6,,,,,
565,1974-02-01,5.2,4.6,7.8,9.8,,4.5,6.2,8.4,4.4,3.0,2.7,2.8,,,,,
566,1974-01-01,5.1,4.6,7.6,9.5,,4.4,6.2,8.3,4.3,2.9,2.6,2.8,,,,,
567,1973-12-01,4.9,4.4,7.6,9.0,,4.2,6.1,7.7,4.2,2.9,2.6,2.6,,,,,
568,1973-11-01,4.8,4.3,8.1,9.3,,4.1,6.0,7.4,4.1,2.7,2.4,2.7,,,,,
569,1973-10-01,4.6,4.1,8.0,8.8,,3.9,5.7,7.1,4.0,2.4,2.3,2.7,,,,,
570,1973-09-01,4.8,4.3,7.7,9.7,,4.0,6.1,8.1,4.1,2.7,2.2,2.7,,,,,
571,1973-08-01,4.8,4.3,7.4,9.2,,4.1,6.0,7.9,4.4,2.6,2.4,2.7,,,,,
572,1973-07-01,4.8,4.2,7.2,9.8,,4.0,6.0,8.1,4.2,2.5,2.3,2.8,,,,,
573,1973-06-01,4.9,4.3,7.9,9.8,,4.1,6.0,8.0,4.5,2.7,2.5,2.6,,,,,
574,1973-05-01,4.9,4.3,8.1,9.6,,4.3,5.7,7.8,4.5,2.7,2.3,2.5,,,,,
575,1973-04-01,5.0,4.5,7.9,9.9,,4.3,6.1,8.0,4.2,2.7,2.8,2.5,,,,,
576,1973-03-01,4.9,4.4,7.3,9.4,,4.3,6.0,7.8,4.3,2.9,2.7,2.6,,,,,
577,1973-02-01,5.0,4.5,,9.5,,4.3,6.2,8.0,4.2,2.9,2.8,2.8,,,,,
578,1973-01-01,4.9,4.5,,9.1,,4.2,6.1,8.1,4.4,3.0,2.7,2.8,,,,,
579,1972-12-01,5.2,4.6,,9.4,,4.5,6.2,8.5,4.3,2.9,2.7,3.0,,,,,
580,1972-11-01,5.3,4.7,,10.0,,4.6,6.2,8.7,4.2,3.3,2.8,2.8,,,,,
581,1972-10-01,5.6,5.1,,10.6,,4.8,6.8,9.6,4.6,3.4,3.0,3.5,,,,,
582,1972-09-01,5.5,5.0,,10.4,,4.8,6.7,9.2,4.6,3.5,2.8,3.2,,,,,
583,1972-08-01,5.6,5.1,,10.6,,4.9,6.9,9.1,4.5,3.7,3.0,3.5,,,,,
584,1972-07-01,5.6,5.1,,10.5,,4.8,7.0,9.7,4.6,3.7,3.1,3.4,,,,,
585,1972-06-01,5.7,5.1,,10.2,,4.9,6.8,9.1,4.9,3.6,3.2,3.5,,,,,
586,1972-05-01,5.7,5.1,,10.2,,5.1,6.6,9.5,4.8,3.7,3.1,3.5,,,,,
587,1972-04-01,5.7,5.3,,9.8,,5.1,6.7,9.6,4.7,3.6,3.0,3.6,,,,,
588,1972-03-01,5.8,5.2,,10.7,,5.3,6.7,9.8,4.4,3.8,3.1,3.3,,,,,
589,1972-02-01,5.7,5.1,,11.2,,5.3,6.4,9.2,4.8,3.3,3.0,3.2,,,,,
590,1972-01-01,5.8,5.2,,11.2,,5.3,6.7,9.9,5.0,3.6,3.2,3.2,,,,,
591,1971-12-01,6.0,5.4,,,,5.5,6.8,9.9,5.3,3.9,3.5,3.4,,,,,
592,1971-11-01,6.0,5.6,,,,5.4,7.0,10.4,5.5,3.8,3.3,3.4,,,,,
593,1971-10-01,5.8,5.4,,,,5.2,6.8,9.5,5.4,4.0,3.3,2.9,,,,,
594,1971-09-01,6.0,5.4,,,,5.4,6.9,9.7,5.3,3.9,3.6,3.2,,,,,
595,1971-08-01,6.1,5.6,,,,5.5,7.0,10.1,5.2,4.1,3.5,3.4,,,,,
596,1971-07-01,6.0,5.5,,,,5.4,7.0,9.7,5.3,4.0,3.5,3.1,,,,,
597,1971-06-01,5.9,5.5,,,,5.3,6.9,10.4,5.0,3.8,3.3,3.2,,,,,
598,1971-05-01,5.9,5.4,,,,5.3,6.9,10.5,5.2,3.7,3.3,3.4,,,,,
599,1971-04-01,5.9,5.4,,,,5.2,7.0,10.0,5.2,3.8,3.4,3.5,,,,,
600,1971-03-01,6.0,5.5,,,,5.3,7.1,10.1,5.4,3.6,3.4,3.4,,,,,
601,1971-02-01,5.9,5.3,,,,5.3,6.8,10.0,5.2,3.8,3.3,3.6,,,,,
602,1971-01-01,5.9,5.5,,,,5.4,6.8,9.8,5.3,4.0,3.2,3.7,,,,,
603,1970-12-01,6.1,5.6,,,,5.6,6.9,10.0,5.4,4.3,3.4,3.5,,,,,
604,1970-11-01,5.9,5.4,,,,5.2,6.9,9.8,5.1,3.8,3.4,3.3,,,,,
605,1970-10-01,5.5,5.2,,,,5.0,6.4,9.1,4.7,3.7,3.1,3.1,,,,,
606,1970-09-01,5.4,5.0,,,,4.8,6.3,9.3,4.3,3.3,3.0,3.1,,,,,
607,1970-08-01,5.1,4.7,,,,4.6,6.0,8.4,4.5,3.2,3.0,2.8,,,,,
608,1970-07-01,5.0,4.6,,,,4.6,5.8,8.5,4.5,3.1,3.2,2.9,,,,,
609,1970-06-01,4.9,4.5,,,,4.5,5.7,7.8,4.4,3.0,2.7,2.8,,,,,
610,1970-05-01,4.8,4.4,,,,4.2,5.7,7.8,4.0,3.0,2.7,3.1,,,,,
611,1970-04-01,4.6,4.1,,,,4.0,5.5,7.5,3.9,2.8,2.5,2.7,,,,,
612,1970-03-01,4.4,4.0,,,,3.7,5.6,6.9,3.5,3.0,2.7,2.7,,,,,
613,1970-02-01,4.2,3.8,,,,3.6,5.1,7.4,3.5,2.6,2.3,2.4,,,,,
614,1970-01-01,3.9,3.6,,,,3.3,4.9,6.4,3.2,2.3,2.1,2.1,,,,,
615,1969-12-01,3.5,3.3,,,,3.0,4.5,5.9,2.8,2.1,2.0,2.1,,,,,
616,1969-11-01,3.5,3.2,,,,2.9,4.5,5.8,3.0,2.2,1.9,2.0,,,,,
617,1969-10-01,3.7,3.4,,,,3.0,5.0,6.0,2.9,2.1,2.0,2.2,,,,,
618,1969-09-01,3.7,3.4,,,,3.1,4.9,6.2,3.0,2.4,1.9,2.2,,,,,
619,1969-08-01,3.5,3.1,,,,2.8,4.8,5.4,2.9,2.2,1.9,2.1,,,,,
620,1969-07-01,3.5,3.2,,,,2.9,4.6,5.7,2.8,2.2,1.9,2.0,,,,,
621,1969-06-01,3.5,3.1,,,,2.7,4.8,5.6,2.9,2.2,1.8,1.9,,,,,
622,1969-05-01,3.4,3.0,,,,2.6,4.6,5.4,2.6,2.3,1.9,1.7,,,,,
623,1969-04-01,3.4,3.0,,,,2.6,4.7,5.6,2.7,2.1,1.9,1.9,,,,,
624,1969-03-01,3.4,3.0,,,,2.7,4.6,5.5,2.7,2.0,1.8,1.9,,,,,
625,1969-02-01,3.4,3.0,,,,2.6,4.6,5.5,2.6,2.1,1.9,2.1,,,,,
626,1969-01-01,3.4,3.0,,,,2.7,4.6,5.5,2.6,2.1,2.1,2.0,,,,,
627,1968-12-01,3.4,3.0,,,,2.7,4.6,5.6,2.6,1.9,1.9,2.0,,,,,
628,1968-11-01,3.4,3.0,,,,2.7,4.6,5.7,2.5,2.2,1.9,2.2,,,,,
629,1968-10-01,3.4,3.0,,,,2.7,4.5,5.7,2.8,1.9,1.8,2.0,,,,,
630,1968-09-01,3.4,3.1,,,,2.7,4.5,5.5,2.6,2.1,2.0,2.0,,,,,
631,1968-08-01,3.5,3.2,,,,2.8,4.7,6.0,2.9,2.1,1.8,2.0,,,,,
632,1968-07-01,3.7,3.2,,,,2.9,5.0,5.4,3.1,2.2,1.9,2.2,,,,,
633,1968-06-01,3.7,3.4,,,,3.0,4.9,6.5,2.8,2.1,1.8,2.3,,,,,
634,1968-05-01,3.5,3.1,,,,2.7,4.7,5.6,2.9,2.1,1.7,2.1,,,,,
635,1968-04-01,3.5,3.1,,,,2.8,4.7,5.5,2.7,2.3,2.1,1.9,,,,,
636,1968-03-01,3.7,3.2,,,,3.0,4.8,6.1,3.0,2.4,1.9,2.3,,,,,
637,1968-02-01,3.8,3.4,,,,3.1,5.1,6.2,3.2,2.5,2.1,2.4,,,,,
638,1968-01-01,3.7,3.3,,,,3.0,5.0,6.0,2.9,2.6,2.1,2.6,,,,,
639,1967-12-01,3.8,3.4,,,,3.1,5.1,6.1,3.3,2.5,2.2,2.4,,,,,
640,1967-11-01,3.9,3.5,,,,3.1,5.2,5.7,3.2,2.5,2.4,2.6,,,,,
641,1967-10-01,4.0,3.5,,,,3.1,5.6,5.8,3.3,2.7,2.3,2.4,,,,,
642,1967-09-01,3.8,3.3,,,,2.9,5.3,6.1,3.1,2.5,2.2,2.2,,,,,
643,1967-08-01,3.8,3.4,,,,3.1,4.9,5.4,3.0,2.4,2.1,2.6,,,,,
644,1967-07-01,3.8,3.3,,,,3.0,5.1,6.0,3.3,2.4,2.2,2.3,,,,,
645,1967-06-01,3.9,3.5,,,,3.2,5.1,5.7,3.3,2.6,2.7,2.2,,,,,
646,1967-05-01,3.8,3.3,,,,3.2,5.0,5.5,3.1,2.4,2.4,2.6,,,,,
647,1967-04-01,3.8,3.4,,,,3.1,4.9,5.4,3.1,2.6,2.3,2.5,,,,,
648,1967-03-01,3.8,3.3,,,,3.0,5.1,5.5,3.1,2.6,2.5,2.6,,,,,
649,1967-02-01,3.8,3.3,,,,3.0,5.2,5.0,3.1,2.5,2.6,2.4,,,,,
650,1967-01-01,3.9,3.4,,,,3.0,5.4,5.9,3.2,2.5,2.4,2.9,,,,,
651,1966-12-01,3.8,3.3,,,,3.2,4.8,5.9,2.8,2.5,2.6,2.6,,,,,
652,1966-11-01,3.6,3.2,,,,3.1,4.6,5.1,2.7,2.8,2.3,2.4,,,,,
653,1966-10-01,3.7,3.3,,,,3.0,4.9,5.0,2.8,2.7,2.2,2.5,,,,,
654,1966-09-01,3.7,3.2,,,,3.1,4.7,5.0,2.9,2.4,2.2,2.5,,,,,
655,1966-08-01,3.8,3.3,,,,3.2,4.9,5.4,3.1,2.7,2.3,2.6,,,,,
656,1966-07-01,3.8,3.3,,,,3.2,4.8,4.6,3.2,2.5,2.3,2.8,,,,,
657,1966-06-01,3.8,3.4,,,,3.2,4.9,5.5,3.1,2.5,2.3,2.4,,,,,
658,1966-05-01,3.9,3.5,,,,3.2,5.2,5.6,3.1,2.4,2.3,2.8,,,,,
659,1966-04-01,3.8,3.3,,,,3.1,4.8,5.4,3.1,2.4,2.2,2.5,,,,,
660,1966-03-01,3.8,3.4,,,,3.3,4.8,5.4,3.3,2.4,2.3,2.7,,,,,
661,1966-02-01,3.8,3.4,,,,3.3,4.7,5.0,3.0,2.6,2.4,2.8,,,,,
662,1966-01-01,4.0,3.5,,,,3.4,5.0,5.5,3.4,2.7,2.3,2.8,,,,,
663,1965-12-01,4.0,3.6,,,,3.4,5.1,5.9,3.3,2.8,2.4,2.7,,,,,
664,1965-11-01,4.1,3.7,,,,3.4,5.4,6.4,3.3,2.9,2.5,3.0,,,,,
665,1965-10-01,4.2,3.8,,,,3.7,5.1,5.7,3.3,3.0,2.6,2.9,,,,,
666,1965-09-01,4.3,3.8,,,,3.7,5.4,5.7,3.7,3.0,2.6,2.9,,,,,
667,1965-08-01,4.4,4.0,,,,3.9,5.2,6.4,3.4,3.1,2.9,3.3,,,,,
668,1965-07-01,4.4,3.9,,,,3.9,5.3,6.5,3.7,2.9,2.8,3.1,,,,,
669,1965-06-01,4.6,4.2,,,,3.9,5.7,7.0,3.4,3.4,2.7,3.4,,,,,
670,1965-05-01,4.6,4.2,,,,4.1,5.5,7.2,3.5,3.8,2.8,3.0,,,,,
671,1965-04-01,4.8,4.4,,,,4.3,5.9,7.5,4.0,3.4,2.6,3.5,,,,,
672,1965-03-01,4.7,4.3,,,,4.1,5.9,7.2,4.0,3.3,3.0,3.3,,,,,
673,1965-02-01,5.1,4.5,,,,4.3,6.4,7.5,4.4,3.6,3.1,3.5,,,,,
674,1965-01-01,4.9,4.3,,,,4.3,5.9,7.4,4.2,3.5,3.0,3.1,,,,,
675,1964-12-01,5.0,4.5,,,,4.3,6.2,7.5,4.4,3.5,3.1,3.0,,,,,
676,1964-11-01,4.8,4.3,,,,4.3,5.9,7.6,4.2,3.5,3.2,3.2,,,,,
677,1964-10-01,5.1,4.6,,,,4.5,6.1,8.5,4.1,3.6,3.3,3.8,,,,,
678,1964-09-01,5.1,4.5,,,,4.6,6.0,8.0,4.0,3.4,3.2,4.0,,,,,
679,1964-08-01,5.0,4.4,,,,4.5,5.9,8.0,4.0,3.3,3.5,3.6,,,,,
680,1964-07-01,4.9,4.3,,,,4.4,6.0,8.0,4.0,3.4,3.5,3.5,,,,,
681,1964-06-01,5.2,4.7,,,,4.7,6.2,8.3,4.4,3.3,3.6,3.7,,,,,
682,1964-05-01,5.1,4.5,,,,4.5,6.3,8.3,4.1,3.6,3.3,3.7,,,,,
683,1964-04-01,5.3,4.8,,,,4.8,6.4,8.5,4.4,3.8,3.8,3.9,,,,,
684,1964-03-01,5.4,4.9,,,,4.8,6.6,8.7,4.5,3.8,3.6,4.0,,,,,
685,1964-02-01,5.4,4.9,,,,4.8,6.5,9.1,4.5,3.9,3.5,4.2,,,,,
686,1964-01-01,5.6,5.0,,,,5.0,6.6,9.1,4.8,3.9,3.8,4.0,,,,,
687,1963-12-01,5.5,5.0,,,,5.0,6.4,8.6,5.1,4.2,3.3,4.2,,,,,
688,1963-11-01,5.7,5.0,,,,5.3,6.6,8.8,5.7,4.2,3.5,4.1,,,,,
689,1963-10-01,5.5,4.8,,,,5.0,6.6,9.3,4.9,3.8,3.5,3.9,,,,,
690,1963-09-01,5.5,4.8,,,,4.9,6.6,9.1,5.0,3.4,3.7,3.8,,,,,
691,1963-08-01,5.4,4.8,,,,4.9,6.3,8.9,5.0,3.8,3.9,3.6,,,,,
692,1963-07-01,5.6,5.1,,,,5.1,6.6,8.9,4.8,4.0,3.8,3.9,,,,,
693,1963-06-01,5.6,4.9,,,,5.1,6.4,8.8,4.9,3.9,3.6,4.2,,,,,
694,1963-05-01,5.9,5.2,,,,5.4,6.7,8.5,5.3,4.0,4.1,4.4,,,,,
695,1963-04-01,5.7,5.1,,,,5.4,6.2,8.8,5.1,4.0,4.0,4.2,,,,,
696,1963-03-01,5.7,5.0,,,,5.4,6.2,8.5,5.3,4.2,4.0,4.0,,,,,
697,1963-02-01,5.9,5.3,,,,5.7,6.5,8.7,5.7,4.4,3.9,4.4,,,,,
698,1963-01-01,5.7,5.0,,,,5.4,6.4,8.7,5.3,4.1,4.4,4.2,,,,,
699,1962-12-01,5.5,4.8,,,,5.1,6.2,8.8,5.1,3.7,4.3,4.5,,,,,
700,1962-11-01,5.7,5.0,,,,5.3,6.3,9.0,5.0,4.0,4.0,4.7,,,,,
701,1962-10-01,5.4,4.8,,,,5.0,6.1,9.0,5.0,3.8,3.3,4.7,,,,,
702,1962-09-01,5.6,5.0,,,,5.2,6.3,9.2,5.1,4.1,4.1,4.5,,,,,
703,1962-08-01,5.7,5.0,,,,5.3,6.4,10.3,5.2,4.3,3.9,4.3,,,,,
704,1962-07-01,5.4,4.8,,,,5.1,6.1,9.2,5.0,4.3,3.8,3.9,,,,,
705,1962-06-01,5.5,4.8,,,,5.3,5.8,8.3,5.0,4.4,4.1,4.1,,,,,
706,1962-05-01,5.5,4.8,,,,5.2,6.0,8.7,5.0,4.0,4.1,4.3,,,,,
707,1962-04-01,5.6,4.7,,,,5.2,6.2,8.5,5.3,4.4,4.2,3.8,,,,,
708,1962-03-01,5.6,4.8,,,,5.2,6.3,9.1,5.1,4.1,4.1,3.9,,,,,
709,1962-02-01,5.5,4.8,,,,5.2,6.2,8.4,4.8,4.1,4.2,4.0,,,,,
710,1962-01-01,5.8,5.1,,,,5.4,6.7,9.2,5.3,4.4,4.0,4.5,,,,,
711,1961-12-01,6.0,5.3,,,,5.7,6.4,9.6,5.2,4.6,4.4,4.9,,,,,
712,1961-11-01,6.1,5.4,,,,5.8,6.6,9.1,6.0,4.5,4.5,4.7,,,,,
713,1961-10-01,6.5,5.7,,,,6.1,7.2,9.9,6.1,5.0,4.5,5.3,,,,,
714,1961-09-01,6.7,5.9,,,,6.3,7.3,9.7,5.8,5.1,4.8,5.7,,,,,
715,1961-08-01,6.6,5.9,,,,6.4,7.0,10.0,6.1,5.3,4.6,5.6,,,,,
716,1961-07-01,7.0,6.3,,,,6.6,7.7,10.6,6.5,5.2,5.4,5.9,,,,,
717,1961-06-01,6.9,6.2,,,,6.5,7.6,10.6,6.5,5.5,5.3,5.5,,,,,
718,1961-05-01,7.1,6.3,,,,6.9,7.4,11.1,6.7,5.8,5.4,5.5,,,,,
719,1961-04-01,7.0,6.2,,,,6.8,7.4,12.9,6.3,5.3,5.1,5.5,,,,,
720,1961-03-01,6.9,6.2,,,,6.6,7.4,10.8,6.3,5.4,5.1,5.2,,,,,
721,1961-02-01,6.9,6.2,,,,6.6,7.3,10.5,6.7,5.3,5.4,4.9,,,,,
722,1961-01-01,6.6,5.9,,,,6.5,6.9,10.0,6.2,5.1,5.1,4.9,,,,,
723,1960-12-01,6.6,5.9,,,,6.3,7.0,10.6,6.4,5.1,5.4,4.5,,,,,
724,1960-11-01,6.1,5.5,,,,6.0,6.5,10.0,6.2,4.8,4.6,4.3,,,,,
725,1960-10-01,6.1,5.5,,,,5.9,6.4,8.6,5.9,4.7,4.8,4.5,,,,,
726,1960-09-01,5.5,5.1,,,,5.5,5.7,8.4,5.5,4.1,4.1,4.0,,,,,
727,1960-08-01,5.6,5.1,,,,5.6,5.8,8.5,5.6,4.1,4.2,4.3,,,,,
728,1960-07-01,5.5,4.9,,,,5.3,5.8,8.6,5.5,4.1,4.0,4.0,,,,,
729,1960-06-01,5.4,4.8,,,,5.2,5.7,8.3,5.1,4.0,3.8,4.1,,,,,
730,1960-05-01,5.1,4.6,,,,5.0,5.5,8.4,4.4,4.0,3.8,3.7,,,,,
731,1960-04-01,5.2,4.6,,,,5.0,5.5,8.5,5.0,3.7,3.7,4.0,,,,,
732,1960-03-01,5.4,4.8,,,,5.3,5.8,8.5,4.8,3.9,4.1,4.2,,,,,
733,1960-02-01,4.8,4.3,,,,4.6,5.4,8.1,4.3,3.5,3.5,3.9,,,,,
734,1960-01-01,5.2,4.6,,,,5.0,5.7,8.2,4.6,3.8,3.9,4.2,,,,,
735,1959-12-01,5.3,4.7,,,,5.0,5.8,8.1,5.0,3.8,3.9,4.3,,,,,
736,1959-11-01,5.8,5.3,,,,5.9,5.8,8.6,5.2,4.9,4.4,4.4,,,,,
737,1959-10-01,5.7,5.0,,,,5.5,6.1,8.4,5.2,4.1,4.6,4.5,,,,,
738,1959-09-01,5.5,4.9,,,,5.5,5.6,8.7,5.1,4.2,4.1,4.2,,,,,
739,1959-08-01,5.2,4.6,,,,5.1,5.6,7.7,4.5,4.1,4.1,3.8,,,,,
740,1959-07-01,5.1,4.5,,,,4.9,5.7,7.7,4.4,3.9,4.0,4.3,,,,,
741,1959-06-01,5.0,4.4,,,,4.7,5.6,8.1,4.4,3.8,3.9,3.9,,,,,
742,1959-05-01,5.1,4.5,,,,4.8,5.8,7.0,4.7,3.8,3.7,4.4,,,,,
743,1959-04-01,5.2,4.7,,,,4.8,6.1,7.8,4.6,3.9,4.0,4.3,,,,,
744,1959-03-01,5.6,4.9,,,,5.3,6.2,9.3,5.3,4.2,4.2,4.5,,,,,
745,1959-02-01,5.9,5.2,,,,5.8,6.0,9.9,5.7,4.7,4.4,4.8,,,,,
746,1959-01-01,6.0,5.3,,,,5.9,6.2,9.8,5.7,4.6,4.4,4.8,,,,,
747,1958-12-01,6.2,5.5,,,,6.2,6.2,10.1,6.0,5.0,4.4,5.3,,,,,
748,1958-11-01,6.2,5.5,,,,6.3,6.0,9.4,6.0,4.7,4.3,5.2,,,,,
749,1958-10-01,6.7,6.0,,,,6.7,6.7,11.0,6.4,5.2,5.1,5.6,,,,,
750,1958-09-01,7.1,6.4,,,,7.1,7.0,11.2,6.6,5.6,5.3,5.6,,,,,
751,1958-08-01,7.4,6.7,,,,7.5,7.2,11.8,7.3,5.9,6.0,5.8,,,,,
752,1958-07-01,7.5,6.8,,,,7.6,7.3,12.3,7.5,5.9,5.8,5.3,,,,,
753,1958-06-01,7.3,6.6,,,,7.4,7.1,11.8,7.7,5.9,6.0,5.2,,,,,
754,1958-05-01,7.4,6.7,,,,7.5,7.3,12.1,7.6,6.0,5.7,5.1,,,,,
755,1958-04-01,7.4,6.7,,,,7.3,7.6,12.7,7.6,5.9,5.7,5.2,,,,,
756,1958-03-01,6.7,5.9,,,,6.7,6.6,11.3,6.8,5.5,5.0,4.9,,,,,
757,1958-02-01,6.4,5.7,,,,6.3,6.6,10.8,6.3,5.6,4.8,4.6,,,,,
758,1958-01-01,5.8,5.2,,,,5.7,5.9,9.9,5.7,4.5,4.2,4.1,,,,,
759,1957-12-01,5.2,4.7,,,,5.2,5.1,8.5,5.0,4.0,4.0,3.9,,,,,
760,1957-11-01,5.1,4.6,,,,5.2,5.1,9.1,4.6,3.8,4.0,3.8,,,,,
761,1957-10-01,4.5,4.0,,,,4.4,4.6,7.4,4.1,3.7,3.6,3.6,,,,,
762,1957-09-01,4.4,3.9,,,,4.3,4.6,7.2,4.0,3.4,3.4,3.5,,,,,
763,1957-08-01,4.1,3.7,,,,3.9,4.7,7.2,3.8,2.8,3.1,3.2,,,,,
764,1957-07-01,4.2,3.7,,,,3.8,4.8,6.3,4.0,2.9,3.0,3.3,,,,,
765,1957-06-01,4.3,3.7,,,,4.0,4.8,7.3,3.9,3.2,3.1,3.3,,,,,
766,1957-05-01,4.1,3.6,,,,3.8,4.7,6.7,3.7,2.7,2.9,3.5,,,,,
767,1957-04-01,3.9,3.5,,,,3.8,4.2,6.6,3.7,2.9,2.7,3.1,,,,,
768,1957-03-01,3.7,3.4,,,,3.5,4.3,5.6,3.2,2.7,2.9,3.2,,,,,
769,1957-02-01,3.9,3.6,,,,3.6,4.5,6.9,3.4,2.8,3.1,3.3,,,,,
770,1957-01-01,4.2,3.8,,,,3.9,4.8,6.8,3.6,3.1,3.4,3.2,,,,,
771,1956-12-01,4.2,3.8,,,,3.9,4.7,7.3,3.7,3.3,3.4,3.5,,,,,
772,1956-11-01,4.3,3.8,,,,4.0,4.9,6.5,3.8,3.1,3.4,3.5,,,,,
773,1956-10-01,3.9,3.4,,,,3.5,4.7,6.8,3.5,2.8,3.0,3.2,,,,,
774,1956-09-01,3.9,3.5,,,,3.6,4.6,6.3,3.8,3.0,3.0,3.2,,,,,
775,1956-08-01,4.1,3.4,,,,3.7,4.8,6.7,3.7,3.3,3.0,3.1,,,,,
776,1956-07-01,4.4,3.8,,,,3.8,5.7,7.2,4.2,3.3,3.2,3.5,,,,,
777,1956-06-01,4.3,3.7,,,,4.0,5.1,7.0,4.1,3.2,2.7,3.7,,,,,
778,1956-05-01,4.3,3.8,,,,3.9,5.0,6.9,3.7,3.0,3.2,3.7,,,,,
779,1956-04-01,4.0,3.6,,,,3.6,4.8,6.6,3.4,2.9,3.1,3.6,,,,,
780,1956-03-01,4.2,3.7,,,,3.8,5.1,6.7,3.7,2.9,3.7,3.2,,,,,
781,1956-02-01,3.9,3.6,,,,3.8,4.3,5.6,3.3,2.8,3.6,3.4,,,,,
782,1956-01-01,4.0,3.5,,,,3.8,4.5,6.3,3.7,3.0,2.8,3.4,,,,,
783,1955-12-01,4.2,3.7,,,,3.8,4.9,6.1,3.6,3.0,3.4,3.8,,,,,
784,1955-11-01,4.2,3.6,,,,3.9,4.9,5.9,3.5,3.2,3.4,3.7,,,,,
785,1955-10-01,4.3,3.7,,,,3.9,5.1,6.4,3.7,3.0,3.5,4.5,,,,,
786,1955-09-01,4.1,3.6,,,,3.7,5.0,7.4,3.7,2.9,2.7,3.8,,,,,
787,1955-08-01,4.2,3.6,,,,3.9,4.9,6.6,3.4,2.9,3.3,4.1,,,,,
788,1955-07-01,4.0,3.6,,,,3.8,4.6,7.1,3.2,2.9,3.2,3.7,,,,,
789,1955-06-01,4.2,3.7,,,,3.9,4.7,7.3,3.3,3.1,3.3,4.1,,,,,
790,1955-05-01,4.3,3.8,,,,4.0,4.7,7.2,3.4,3.6,3.1,4.0,,,,,
791,1955-04-01,4.7,4.3,,,,4.7,4.7,7.2,4.8,3.6,3.9,3.9,,,,,
792,1955-03-01,4.6,4.0,,,,4.5,4.8,7.0,4.4,3.8,3.3,3.9,,,,,
793,1955-02-01,4.7,4.1,,,,4.5,5.0,7.5,4.2,3.9,3.4,4.2,,,,,
794,1955-01-01,4.9,4.5,,,,4.8,5.3,8.1,4.1,4.0,3.7,4.6,,,,,
795,1954-12-01,5.0,4.4,,,,5.0,5.2,8.2,4.3,4.1,3.9,4.4,,,,,
796,1954-11-01,5.3,4.7,,,,5.2,5.6,9.6,5.0,4.1,4.2,4.7,,,,,
797,1954-10-01,5.7,5.1,,,,5.7,5.8,9.0,6.1,4.6,4.5,4.7,,,,,
798,1954-09-01,6.1,5.9,,,,6.0,6.4,10.7,5.8,5.7,4.4,4.5,,,,,
799,1954-08-01,6.0,5.6,,,,6.0,6.2,9.1,6.0,4.9,4.5,4.6,,,,,
800,1954-07-01,5.8,5.3,,,,5.6,6.3,9.1,5.5,4.7,4.6,4.6,,,,,
801,1954-06-01,5.6,5.0,,,,5.3,6.2,8.8,5.5,4.9,4.8,4.6,,,,,
802,1954-05-01,5.9,5.3,,,,5.7,6.3,9.4,5.9,4.9,4.7,4.7,,,,,
803,1954-04-01,5.9,5.5,,,,5.6,6.4,9.8,5.5,4.4,4.8,4.7,,,,,
804,1954-03-01,5.7,5.0,,,,5.3,6.4,9.2,5.4,4.3,4.5,4.6,,,,,
805,1954-02-01,5.2,4.9,,,,4.9,5.9,9.2,4.8,4.1,4.0,3.8,,,,,
806,1954-01-01,4.9,4.5,,,,4.4,5.9,8.7,4.3,3.7,3.8,3.6,,,,,
807,1953-12-01,4.5,,,,,4.2,5.1,8.3,4.0,3.3,3.4,3.5,,,,,
808,1953-11-01,3.5,,,,,3.4,3.7,6.0,3.4,2.5,2.8,3.1,,,,,
809,1953-10-01,3.1,,,,,2.9,3.6,4.3,2.9,2.5,2.5,2.4,,,,,
810,1953-09-01,2.9,,,,,2.7,3.4,5.1,2.4,2.1,2.6,2.8,,,,,
811,1953-08-01,2.7,,,,,2.5,3.0,5.2,2.2,2.0,1.6,2.3,,,,,
812,1953-07-01,2.6,,,,,2.5,2.9,3.7,2.1,2.0,1.9,2.7,,,,,
813,1953-06-01,2.5,,,,,2.4,2.8,4.2,2.2,1.9,2.1,2.0,,,,,
814,1953-05-01,2.5,,,,,2.5,2.7,3.8,2.5,1.9,2.3,2.0,,,,,
815,1953-04-01,2.7,,,,,2.6,3.0,4.6,2.3,2.1,2.0,2.4,,,,,
816,1953-03-01,2.6,,,,,2.3,3.2,4.2,1.9,2.1,2.0,2.5,,,,,
817,1953-02-01,2.6,,,,,2.4,2.9,3.6,2.3,1.7,2.1,2.6,,,,,
818,1953-01-01,2.9,,,,,2.8,3.1,4.0,2.8,2.1,2.3,2.5,,,,,
819,1952-12-01,2.7,,,,,2.5,3.1,4.7,2.2,1.8,1.9,2.3,,,,,
820,1952-11-01,2.8,,,,,2.5,3.4,4.1,2.6,2.2,2.1,2.1,,,,,
821,1952-10-01,3.0,,,,,2.6,3.8,4.8,2.6,2.3,2.1,2.3,,,,,
822,1952-09-01,3.1,,,,,3.0,3.3,5.9,2.9,1.9,2.2,2.7,,,,,
823,1952-08-01,3.4,,,,,3.2,3.8,5.0,2.9,2.8,2.5,3.0,,,,,
824,1952-07-01,3.2,,,,,3.0,3.7,4.7,2.8,2.5,2.4,2.8,,,,,
825,1952-06-01,3.0,,,,,2.8,3.5,4.3,2.4,2.3,2.7,2.5,,,,,
826,1952-05-01,3.0,,,,,2.6,3.9,4.4,2.5,2.1,2.3,2.7,,,,,
827,1952-04-01,2.9,,,,,2.7,3.5,4.5,2.6,2.2,2.1,2.6,,,,,
828,1952-03-01,2.9,,,,,2.7,3.5,4.4,2.2,2.1,2.5,2.6,,,,,
829,1952-02-01,3.1,,,,,2.8,3.8,4.4,2.8,2.6,2.3,2.6,,,,,
830,1952-01-01,3.2,,,,,2.8,3.9,4.2,2.9,2.3,2.4,2.5,,,,,
831,1951-12-01,3.1,,,,,2.7,4.2,3.8,3.0,2.4,2.6,2.8,,,,,
832,1951-11-01,3.5,,,,,3.1,4.5,4.7,3.1,2.8,2.6,3.3,,,,,
833,1951-10-01,3.5,,,,,3.1,4.5,4.4,3.3,2.6,2.8,3.6,,,,,
834,1951-09-01,3.3,,,,,2.8,4.6,4.2,3.2,2.5,3.2,2.7,,,,,
835,1951-08-01,3.1,,,,,2.8,3.9,3.5,2.9,2.5,2.8,2.4,,,,,
836,1951-07-01,3.1,,,,,2.7,4.0,4.1,2.7,2.3,2.6,2.7,,,,,
837,1951-06-01,3.2,,,,,2.8,4.3,4.1,2.7,2.4,2.8,3.1,,,,,
838,1951-05-01,3.0,,,,,2.5,4.2,3.7,2.7,2.3,2.7,2.9,,,,,
839,1951-04-01,3.1,,,,,2.5,4.4,4.1,2.6,2.2,2.5,3.1,,,,,
840,1951-03-01,3.4,,,,,2.7,4.9,4.3,3.1,2.5,2.6,3.1,,,,,
841,1951-02-01,3.4,,,,,3.0,4.5,3.9,3.1,2.6,2.6,3.8,,,,,
842,1951-01-01,3.7,,,,,3.3,4.6,4.5,3.2,3.0,2.8,3.8,,,,,
843,1950-12-01,4.3,,,,,3.8,5.2,5.1,3.8,3.2,3.1,4.2,,,,,
844,1950-11-01,4.2,,,,,3.7,5.2,5.7,3.8,3.1,3.3,4.0,,,,,
845,1950-10-01,4.2,,,,,3.9,4.8,4.8,3.5,3.0,3.5,4.1,,,,,
846,1950-09-01,4.4,,,,,4.2,5.1,7.4,3.7,3.3,3.4,3.8,,,,,
847,1950-08-01,4.5,,,,,4.3,4.8,6.4,3.9,3.3,3.5,4.0,,,,,
848,1950-07-01,5.0,,,,,4.8,5.6,7.2,4.8,3.6,4.1,4.3,,,,,
849,1950-06-01,5.4,,,,,5.1,6.1,7.7,5.0,3.7,4.1,5.5,,,,,
850,1950-05-01,5.5,,,,,5.4,5.8,8.1,5.3,4.2,4.1,4.7,,,,,
851,1950-04-01,5.8,,,,,5.9,5.4,8.4,5.2,4.3,4.6,5.5,,,,,
852,1950-03-01,6.3,,,,,6.1,6.7,8.9,5.7,4.7,5.0,5.3,,,,,
853,1950-02-01,6.4,,,,,6.2,6.8,9.9,5.7,4.4,5.3,5.2,,,,,
854,1950-01-01,6.5,,,,,6.4,6.9,10.4,6.0,4.1,5.3,5.3,,,,,
855,1949-12-01,6.6,,,,,6.5,6.8,9.4,6.1,5.0,4.9,5.5,,,,,
856,1949-11-01,6.4,,,,,6.5,6.3,9.9,5.8,5.1,4.8,5.5,,,,,
857,1949-10-01,7.9,,,,,8.4,6.8,11.2,8.3,5.8,5.8,5.9,,,,,
858,1949-09-01,6.6,,,,,6.5,6.8,10.2,5.7,5.2,4.5,6.3,,,,,
859,1949-08-01,6.8,,,,,6.8,6.8,11.1,5.9,5.1,4.7,6.2,,,,,
860,1949-07-01,6.7,,,,,6.7,6.8,10.6,6.1,4.9,4.7,6.1,,,,,
861,1949-06-01,6.2,,,,,6.2,6.2,9.7,6.1,4.4,4.2,5.3,,,,,
862,1949-05-01,6.1,,,,,6.1,6.0,9.7,5.5,4.4,4.3,5.3,,,,,
863,1949-04-01,5.3,,,,,5.3,5.5,8.1,4.9,3.9,3.8,4.4,,,,,
864,1949-03-01,5.0,,,,,5.1,4.6,7.8,4.1,3.6,3.5,4.3,,,,,
865,1949-02-01,4.7,,,,,4.6,4.8,7.5,4.0,3.5,3.5,4.0,,,,,
866,1949-01-01,4.3,,,,,4.2,4.4,6.7,3.8,3.0,3.2,3.5,,,,,
867,1948-12-01,4.0,,,,,3.9,4.2,6.4,3.3,2.7,3.2,3.9,,,,,
868,1948-11-01,3.8,,,,,3.7,3.9,5.4,3.5,2.5,2.7,3.7,,,,,
869,1948-10-01,3.7,,,,,3.6,4.0,5.2,3.4,2.5,2.6,3.2,,,,,
870,1948-09-01,3.8,,,,,3.7,4.1,5.5,3.4,2.7,3.2,3.2,,,,,
871,1948-08-01,3.9,,,,,3.6,4.4,5.7,3.6,2.8,2.7,3.3,,,,,
872,1948-07-01,3.6,,,,,3.4,4.2,6.2,2.9,2.5,2.5,2.8,,,,,
873,1948-06-01,3.6,,,,,3.3,4.3,6.0,3.0,2.6,2.4,2.8,,,,,
874,1948-05-01,3.5,,,,,3.5,3.7,6.6,3.0,2.6,2.4,3.1,,,,,
875,1948-04-01,3.9,,,,,3.8,4.3,6.8,3.4,2.9,2.6,3.0,,,,,
876,1948-03-01,4.0,,,,,3.8,4.4,7.6,2.9,2.7,2.6,3.0,,,,,
877,1948-02-01,3.8,,,,,3.6,4.5,6.3,3.3,2.5,2.8,3.1,,,,,
878,1948-01-01,3.4,,,,,3.4,3.3,5.8,3.0,2.0,2.2,2.9,,,,,
